id,title,year,authors,doi,url,cites_dois,source,source_url
W7168030724,"Untangling the Overexploitation Trap: Governance, Politics of Concepts, and the Sustainability Claims of Chilean Southern Hake",2026,Manuel E. Martínez‐González; Renato Gozzer-Wuest; Enrique Alonso Población; Juan Alfaro‐Fuentes; José T. Montero; Rodrigo Wiff,10.1111/fme.70097,https://doi.org/10.1111/fme.70097,"[""10.1016/j.marpol.2015.11.010"", ""10.1371/journal.pone.0043765""]",OpenAlex,https://openalex.org/W7168030724
W7161876816,"The PACE Data Hackweek Launches a New Wave of Open Science: How We Did It (Twice), and Why",2026,Anna E. Windle; Ian T. Carroll; Carina Poulin; Skye Caplan; Jeremy Werdell,10.5670/oceanog.2026.e204,https://doi.org/10.5670/oceanog.2026.e204,"[""10.5670/oceanog.2025.121""]",OpenAlex,https://openalex.org/W7161876816
W7130522203,Territorial use rights for fisheries: A bioeconomic analysis of migratory resources and heterogeneous fleets,2026,Myriam Elizabeth Vargas Morales; Jorge Higinio Maldonado,10.1016/j.ocecoaman.2026.108126,https://doi.org/10.1016/j.ocecoaman.2026.108126,"[""10.1016/j.marpol.2017.01.024""]",OpenAlex,https://openalex.org/W7130522203
W7162782007,Structural barriers and opportunities to sustainability in Japanese fisheries Co-management: Evidence from MSC pre-assessments,2026,Yoko Tamura,10.1016/j.marpol.2026.107161,https://doi.org/10.1016/j.marpol.2026.107161,"[""10.1371/journal.pone.0043765""]",OpenAlex,https://openalex.org/W7162782007
W7140612116,"OceanHackWeek: An Inclusive, Collaborative Approach to Developing Oceanography Data Science Skills",2026,Catherine Mitchell; Wu-Jung Lee; Filipe Fernandes; Joseph Gum; Alex Kerney; Emilio Mayorga; Thomas Moore; Nick Mortimer; Natalia Ribeiro; Valentina Staneva,10.5670/oceanog.2026.e104,https://doi.org/10.5670/oceanog.2026.e104,"[""10.5670/oceanog.2025.121""]",OpenAlex,https://openalex.org/W7140612116
W7163080651,Large and small can be beautiful in fisheries and aquaculture,2026,Frank Asche; M Stafford Smith,10.1093/icesjms/fsag092,https://doi.org/10.1093/icesjms/fsag092,"[""10.1371/journal.pone.0043765""]",OpenAlex,https://openalex.org/W7163080651
W7160943912,Large Language Models (LLMs) for fisheries management research: understanding potential and navigating risks,2026,Kun Wang; Terrance Wang; Bojun Wang; Qi Li; Yiwen Liu; Qingpeng Han; C L Zhang; Yiping Ren,10.1007/s11160-026-10058-z,https://doi.org/10.1007/s11160-026-10058-z,"[""10.1002/eap.2022""]",OpenAlex,https://openalex.org/W7160943912
W7171920918,Hidden gardens of King's Trough seamounts: a first insight into benthic communities,2026,Inês Tojeira; Sofia Pinto Ramalho; L. P. Ribeiro; Teresa Rafael; Mónica Albuquerque; Íris Sampaio; Blanca Rincón-Tomás; Luı́s Somoza; José Lino Costa; Henrique N. Cabral,10.2139/ssrn.7213788,https://doi.org/10.2139/ssrn.7213788,"[""10.1111/j.1439-0485.2010.00372.x""]",OpenAlex,https://openalex.org/W7171920918
W7143826592,Drivers of chefs’ purchasing behaviour towards eco-labelled seafood in the hospitality sector,2026,Ling-I Wu; Tzu-Yun Ching; Chia-Hui Wang; Chih-Shin Chen,10.1108/bfj-05-2025-0675,https://doi.org/10.1108/bfj-05-2025-0675,"[""10.1016/j.marpol.2015.11.010""]",OpenAlex,https://openalex.org/W7143826592
W7125500489,Bridging the Blue Finance Gap: A Critical Review of Market-Based Mechanisms for Ocean Sustainability,2026,Sharif Mohd,10.1007/978-3-032-13638-1_6,https://doi.org/10.1007/978-3-032-13638-1_6,"[""10.1016/j.marpol.2017.01.024""]",OpenAlex,https://openalex.org/W7125500489
W7155517341,A decision tree to guide precautionary and adaptive tiering in marine nursery identification and management,2026,John F. Hlavin; Julia Saltzman; Evan K. D’Alessandro; Catherine C. Macdonald,10.3389/fmars.2026.1812999,https://doi.org/10.3389/fmars.2026.1812999,"[""10.1371/journal.pone.0186309""]",OpenAlex,https://openalex.org/W7155517341
W4414243090,Shades of Green Labeling: A Bibliometric Analysis,2025,Roopali Bhatnagar; Malgorzata Krzywonos; Agnieszka Piekara; Efthymios Altsitsiadis,10.1002/bse.70198,https://doi.org/10.1002/bse.70198,"[""10.1371/journal.pone.0043765""]",OpenAlex,https://openalex.org/W4414243090
W4412043792,"Promoting Sustainability in Seafood Products: Consumer eco-Labeling and shelf-Life Innovation Preferences in Croatia, Italy, and Spain",2025,Vilma Xhakollari; Sina Ahmadi Kaliji; Marija Cerjak; Luca Mulazzani; Pietro Rocculi; Luca Camanzi,10.1080/10454446.2025.2528170,https://doi.org/10.1080/10454446.2025.2528170,"[""10.1371/journal.pone.0043765""]",OpenAlex,https://openalex.org/W4412043792
W4412977390,"Navigating the tides of conservation and conflict: the political ecology of Mangrove Ecosystem Sustainable Use and Custody Agreements in the Gulf of Guayaquil, Ecuador",2025,Wendy Chávez‐Páez; Jean Carlo Rodríguez de Francisco; Federico Koelle; Anna‐Katharina Hornidge,10.1007/s40152-025-00444-x,https://doi.org/10.1007/s40152-025-00444-x,"[""10.1002/eap.2022""]",OpenAlex,https://openalex.org/W4412977390
W4413184505,Microbial food web contributions to satisfying mesozooplankton carbon requirements in the Southern Ocean along 170°W,2025,Michael R. Landry,10.1093/plankt/fbae081,https://doi.org/10.1093/plankt/fbae081,"[""10.1016/j.ecolmodel.2008.06.011""]",OpenAlex,https://openalex.org/W4413184505
W4413302716,Marine protected areas enhance climate resilience to severe marine heatwaves for kelp forests,2025,Emelly M. Ortiz‐Villa; Andrew Rassweiler; Jennifer E. Caselle; Katherine C. Cavanaugh; Nur Arafeh‐Dalmau; Tom W. Bell; Kyle C. Cavanaugh,10.1111/1365-2664.70112,https://doi.org/10.1111/1365-2664.70112,"[""10.1016/j.biocon.2017.03.014""]",OpenAlex,https://openalex.org/W4413302716
W4412408990,Global importance of supporting the krill to whale component of the pelagic food web associated with migrations following deep sea seamounts,2025,Bruce R. Hodgson,10.14302/issn.2643-0282.imsj-25-5590,https://doi.org/10.14302/issn.2643-0282.imsj-25-5590,"[""10.1016/j.ecolmodel.2008.06.011""]",OpenAlex,https://openalex.org/W4412408990
W4410616859,"Extent of implementation of vessel monitoring system: Perceived challenges and opportunities of commercial fishing vessel operators in Infanta, Quezon",2025,Arwin E. Delos Santos,10.47119/ijrp1001731520257864,https://doi.org/10.47119/ijrp1001731520257864,"[""10.1371/journal.pone.0043765""]",OpenAlex,https://openalex.org/W4410616859
W4414590231,Encoding quantumlike information in classical synchronizing dynamics,2025,Graziano Amati; Gregory D. Scholes,10.1103/nvdp-sr11,https://doi.org/10.1103/nvdp-sr11,"[""10.1515/ijnsns-2016-0156""]",OpenAlex,https://openalex.org/W4414590231
W4408651122,Developing a Southern Ocean Marine Ecosystem Model Ensemble to Assess Climate Risks and Uncertainties,2025,Kieran J. Murphy; Denisse Fierro‐Arcos; Tyler Weaver Rohr; David B. Green; Camilla Novaglio; Katherine B. Baker; Kelly Ortega‐Cisneros; Tyler D. Eddy; Cheryl Shannon Harrison; Simeon L. Hill; Patrick Eskuche‐Keith; Camila Cataldo‐Mendez; Colleen M. Petrik; Matthew H. Pinkerton; Paul Spence; Ilaria Stollberg; Roshni C. Subramaniam; Rowan Trebilco; Vivitskaia Tulloch; Juliano Palacios‐Abrantes; Sophie Bestley; Daniele Bianchi; Philip W. Boyd; Pearse Buchanan; Andrea Bryndum‐Buchholz; Marta Coll; Stuart Paul Corney; Samik Datta; Jason D. Everett; Romain Forestier; Elizabeth A. Fulton; Vianney Guibourd de Luzinais; Ryan Heneghan; Julia G. Mason; Olivier Maury; Clive R. McMahon; Eugene J. Murphy; Anthony James Richardson; Derek P. Tittensor; Scott Spillias; Jeroen Gerhard Steenbeek; Devi Veytia; Julia L. Blanchard,10.1029/2024ef004849,https://doi.org/10.1029/2024ef004849,"[""10.1016/j.ecolmodel.2008.06.011""]",OpenAlex,https://openalex.org/W4408651122
W4414008245,Complejidad geomorfológica y su asociación con la vegetación acuática sumergida en el litoral de Yucatán,2025,María de los Ángeles Liceaga-Correa; Edgar Javier González; Luis A Rincón-Sandoval; Héctor Hernández-Núñez; Erika Betzabeth Palafox–Juárez; Eduardo Cuevas,10.7773/cm.y2025.3458,https://doi.org/10.7773/cm.y2025.3458,"[""10.5670/oceanog.2025.121""]",OpenAlex,https://openalex.org/W4414008245
W4406552188,Comparing voluntary and government-mandated management measures for meeting sustainable fishing targets,2025,Michael C. Melnychuk; Samantha Lees; Pedro Veiga; Jennifer Rasal; Nicole Baker; Lauren M. Koerner; Daniel J. Hively; Hiroyuki Kurota; Carryn L De Moor; Maite Pons; Pamela M. Mace; Ana M. Parma; Alessandro Mannini; Lorne Richard Little; Jilali Bensbai; Arturo Muñoz Albero; Beth Polidoro; Ernesto Jardim; Ray Hilborn; Catherine Longo,10.1016/j.jenvman.2025.124090,https://doi.org/10.1016/j.jenvman.2025.124090,"[""10.1371/journal.pone.0043765""]",OpenAlex,https://openalex.org/W4406552188
W4411341324,Combining methods for detection of bycatch hotspot areas of marine megafauna species in and around critical rookeries and foraging areas,2025,Nikolaos Simantiris; Charalampos Dimitriadis; Stavros M. Xirouchakis; Marios-Dimitrios Voulgaris; Evangelia Beka; Martha Z. Vardaki; Georgios Karris,10.1016/j.marenvres.2025.107299,https://doi.org/10.1016/j.marenvres.2025.107299,"[""10.1016/j.marpol.2015.11.010""]",OpenAlex,https://openalex.org/W4411341324
W4410193056,"Characterising the co-management system in the Biobío Region, Chile, based on fishers’ and experts’ knowledge: A dual perspective",2025,Milagros Franco-Meléndez; Jorge Tam; Simón Hernández Aguado; Luis A. Cubillos; Beatriz Cid Aguayo,10.1016/j.marpol.2025.106749,https://doi.org/10.1016/j.marpol.2025.106749,"[""10.1016/j.marpol.2017.01.024""]",OpenAlex,https://openalex.org/W4410193056
W4413348945,Broadening the sustainable seafood movement—systemic and enabling approaches to transform blue food,2025,Malin Jonell; Abigayil Blandon; Julia Maria Charlotte Feine; Sofia Käll,10.1088/2976-601x/adfd62,https://doi.org/10.1088/2976-601x/adfd62,"[""10.1371/journal.pone.0043765""]",OpenAlex,https://openalex.org/W4413348945
W4411328676,Biogeographical Regions and Climate Change: Lanternfishes Shed Light on the Role of Climatic Barriers in the Southern Ocean,2025,Cam Ly Rintz; Philippe Koubbi; Berta Ramiro‐Sánchez; Clara Azarian; Jilda Alicia Caccavo; Cédric Cotté; Éric Goberville; Claire Godet; Percy Alexander Hulley; Rémy Le Goff; Fabien Leprieur; Marine Robuchon; Baptiste Serandour; Boris Leroy,10.1111/gcb.70256,https://doi.org/10.1111/gcb.70256,"[""10.1016/j.ecolmodel.2008.06.011""]",OpenAlex,https://openalex.org/W4411328676
W4415545887,A REVIEW OF CORPORATE SOCIAL RESPONSIBILITY AND CONSUMER TRUST IN SEAFOOD PRODUCTS: A GLOBAL OVERVIEW,2025,Chinnu Rajan; K G Manjula,10.62737/grz5cd17,https://doi.org/10.62737/grz5cd17,"[""10.1371/journal.pone.0043765""]",OpenAlex,https://openalex.org/W4415545887
W4402396762,Understanding group capabilities for small-scale tuna fishery certification in Indonesia,2024,Puspi Eko Wiranthi; Hilde Toonen; Peter J. M. Oosterveer,10.1007/s40152-024-00383-z,https://doi.org/10.1007/s40152-024-00383-z,"[""10.1371/journal.pone.0043765""]",OpenAlex,https://openalex.org/W4402396762
W4404860335,The role of certifications and eco-labels in fisheries: a systematic literature review of their benefits and challenges,2024,Marília Tenório Gouveia de Melo; Jheyce Milena da Silva Barros; Ana Regina Bezerra Ribeiro; Telma Lúcia de Andrade Lima; Marcos Felipe Falcão Sobral,10.1186/s12302-024-01018-0,https://doi.org/10.1186/s12302-024-01018-0,"[""10.1016/j.marpol.2015.11.010""]",OpenAlex,https://openalex.org/W4404860335
W4401798714,Sustainability is in the details: empowering seafood consumers with informative labels,2024,John A. Aitken; Rex Bone; Marge Britt; Nicholas Leets,10.1007/s40152-024-00367-z,https://doi.org/10.1007/s40152-024-00367-z,"[""10.1371/journal.pone.0043765""]",OpenAlex,https://openalex.org/W4401798714
W4393234477,Strengths and weaknesses of food eco-labeling: a review,2024,Ornella Tiboni-Oschilewski; Magdalena Abarca; Fabiana Santa Rosa Pierre; Alice Rosi; Beatrice Biasini; Davide Menozzi; Francesca Scazzina,10.3389/fnut.2024.1381135,https://doi.org/10.3389/fnut.2024.1381135,"[""10.1371/journal.pone.0043765""]",OpenAlex,https://openalex.org/W4393234477
W4403890370,Social climate resilience: Evidence from a traditional surf clam fishery community in Chile,2024,Jaime A. Aburto; Elena Ojea; Jacinta Arthur; Franco Contreras; Laura Ramajo,10.1016/j.ocecoaman.2024.107435,https://doi.org/10.1016/j.ocecoaman.2024.107435,"[""10.1016/j.marpol.2017.01.024""]",OpenAlex,https://openalex.org/W4403890370
W4391797502,Seamounts ecological modelling: A comprehensive review and assessment of modelling suitability to emergent challenges,2024,Ana Azevedo; A. Guerra; Irene Martins,10.1016/j.ocecoaman.2024.107050,https://doi.org/10.1016/j.ocecoaman.2024.107050,"[""10.1111/j.1439-0485.2010.00372.x""]",OpenAlex,https://openalex.org/W4391797502
W4405851803,Protected Areas—A Challenge for Quirimbas Archipelago (Mozambique),2024,Hermínio António; Jéssica A. Ferreira; Rita Anastácio; Mário Jorge Pereira,10.4236/nr.2024.1512018,https://doi.org/10.4236/nr.2024.1512018,"[""10.1371/journal.pone.0186309""]",OpenAlex,https://openalex.org/W4405851803
W4401480551,Marine Fish Movement: home range sizes for commercially relevant species,2024,Darcy Bradley; Alicia M. Caughman; Sandra A. Fogg; Reniel B. Cabral; Juan Mayorga; Whitney Goodell; Katherine D. Millage; Timothy D. White,10.1038/s41597-024-03728-9,https://doi.org/10.1038/s41597-024-03728-9,"[""10.1016/j.marpol.2017.01.024""]",OpenAlex,https://openalex.org/W4401480551
W4400748144,"Integrating fish biology, population genomics and fishery policies for informed management of interjurisdictional multi-species fisheries",2024,Mayuresh Gangal; Rohan Arthur; Venkatachalam Suri; Awadhesh Pandit; Abhinav Tyagi; Praveen Prakash; Mihir Sule; Iravatee Majgaonkar; Jagdish Krishnaswamy; Uma Ramakrishnan,10.1101/2024.07.12.603026,https://doi.org/10.1101/2024.07.12.603026,"[""10.1016/j.marpol.2017.01.024""]",OpenAlex,https://openalex.org/W4400748144
W4400565122,Flexibility through bundles of capital: The capabilities of Indonesian small-scale handline tuna fishers under voluntary sustainability certification,2024,Puspi Eko Wiranthi; Hilde Toonen; Peter J. M. Oosterveer,10.1016/j.marpol.2024.106296,https://doi.org/10.1016/j.marpol.2024.106296,"[""10.1371/journal.pone.0043765""]",OpenAlex,https://openalex.org/W4400565122
W4393332542,"Fishing logbook as stewardship action within TURF management in Kepulauan Seribu Marine National Park, Indonesia",2024,Rifki Furqan; Achim Schlüter,10.1016/j.ocecoaman.2024.107114,https://doi.org/10.1016/j.ocecoaman.2024.107114,"[""10.1002/eap.2022""]",OpenAlex,https://openalex.org/W4393332542
W4398763866,Collaborative networks for collective action in a Brazilian Marine Extractive Reserve,2024,Valentina Fortunato; Cleverson Zapelini; Alexandre Schiavetti,10.5751/es-14936-290212,https://doi.org/10.5751/es-14936-290212,"[""10.1002/eap.2022""]",OpenAlex,https://openalex.org/W4398763866
W4323665480,"Urchin Gonad Response to Kelp Forest Restoration on the Palos Verdes Peninsula, California",2023,Benjamin C. Grime; Rilee Sanders; Tom Ford; Heather Burdick; Jeremy T. Claisse,10.3160/0038-3872-122.1.1,https://doi.org/10.3160/0038-3872-122.1.1,"[""10.1016/j.biocon.2017.03.014""]",OpenAlex,https://openalex.org/W4323665480
W4366405467,True insights or ticking boxes? Rapid assessment of rights‐based management in artisanal fisheries,2023,Andrés Miguel Cisneros-Montemayor; Eréndira Aceves‐Bueno; Sergio Amezcua-Castro; Alejandra Apolinar‐Romo; Frida Cisneros Soberanis; Gabriela Alejandra Cuevas‐Gómez; Ingrid C. Cruz‐León; Javier De La Cruz‐González; Alejandro Espinoza‐Tenorio; Alejandro García‐Lozano; Pedro C. González‐Espinosa; Miguel Ángel Cisneros‐Mata,10.1111/fme.12627,https://doi.org/10.1111/fme.12627,"[""10.1002/eap.2022""]",OpenAlex,https://openalex.org/W4366405467
W4389201771,The huge dilemma: how to increase seafood consumption for health benefits without impacting fisheries' sustainability?,2023,Célia M. Teixeira; Priscila M. Silva,10.1111/ijfs.16841,https://doi.org/10.1111/ijfs.16841,"[""10.1016/j.marpol.2015.11.010""]",OpenAlex,https://openalex.org/W4389201771
W4378233603,The Ocean Transition: What to Learn from System Transitions,2023,Mark Swilling; Mary Ruckelshaus; Tanya Brodie Rudolph; Edward H. Allison; Stefan Gelcich; Philile Mbatha; Henrik Österblom,10.1007/978-3-031-16277-0_12,https://doi.org/10.1007/978-3-031-16277-0_12,"[""10.1371/journal.pone.0043765""]",OpenAlex,https://openalex.org/W4378233603
W4386618678,"Territorial use rights for finfish fisheries: a case study in Baja California Sur, Mexico",2023,Aileen Lum San; Salvador Rodríguez Van Dyck; Ollin T. González-Cuéllar; Eréndira Aceves‐Bueno,10.5343/bms.2023.0002,https://doi.org/10.5343/bms.2023.0002,"[""10.1016/j.marpol.2017.01.024""]",OpenAlex,https://openalex.org/W4386618678
W4382317674,Sustaining small-scale fisheries through a nation-wide Territorial Use Rights in Fisheries system,2023,Eréndira Aceves‐Bueno; Mateja Nenadović; India C Dove; Claire Atkins-Davis; Juan-Salvador Aceves-Bueno; Abel Trejo‐Ramírez; Cristina Rivas-Ochoa; Salvador Rodríguez-Van Dyck; Amy Hudson Weaver,10.1371/journal.pone.0286739,https://doi.org/10.1371/journal.pone.0286739,"[""10.1002/eap.2022"", ""10.1016/j.marpol.2017.01.024""]",OpenAlex,https://openalex.org/W4382317674
W4366828169,Pathway to sustainability: the Marine Stewardship Council certification standard as an improvement framework for African fisheries,2023,Oluyemisi Oloruntuyi; Jaco Barendse; Michael Marriott; Andrew Kenneth Gordon; Carlos Montero‐Castaño,10.3389/fmars.2023.1042736,https://doi.org/10.3389/fmars.2023.1042736,"[""10.1371/journal.pone.0043765""]",OpenAlex,https://openalex.org/W4366828169
W4321350730,NGO and Global Voluntary Standards in Sustainable Seafood: The Case of Aquaculture Stewardship Council (ASC) in Indonesia,2023,Moch Faisal Karim; Jassinda Almira,10.1177/10704965231158568,https://doi.org/10.1177/10704965231158568,"[""10.1371/journal.pone.0043765""]",OpenAlex,https://openalex.org/W4321350730
W4386993961,Management policies impact fishers’ income beyond tolerable limits: The case of the Chilean TURFs in Central Chile,2023,Natalia M. Arias; Wolfgang B. Stotz,10.1016/j.marpol.2023.105834,https://doi.org/10.1016/j.marpol.2023.105834,"[""10.1016/j.marpol.2017.01.024""]",OpenAlex,https://openalex.org/W4386993961
W4387789542,Jurisdictional Initiatives Can Catalyze Holistic Fisheries Improvement,2023,Pablo Obregon,10.2139/ssrn.4607269,https://doi.org/10.2139/ssrn.4607269,"[""10.1371/journal.pone.0043765""]",OpenAlex,https://openalex.org/W4387789542
W4383741362,"Enrollment, retention, and inclusivity of Marine Stewardship Council (MSC) eco-labelling certifications",2023,Stuart T. Jones; Edward H. Allison; Kailin Kroetz; Yoshitaka Ota; Sunny L. Jardine,10.1016/j.marpol.2023.105734,https://doi.org/10.1016/j.marpol.2023.105734,"[""10.1016/j.marpol.2015.11.010"", ""10.1371/journal.pone.0043765""]",OpenAlex,https://openalex.org/W4383741362
W4390667481,Eko-Etiketleme Girişimi İklim Değişikliği ve Sürdürülebilir Turizm için Çözüm Olabilir Mi Nitel Bir Araştırma (Can Eco-Labelıng Initıatives Be The Solution for Climate Change and Sustainable Tourism A Qualitatıve Research),2023,Selma Meydan Uygur; Büşra KAYA; Sinan Baran Bayar,10.21325/jotags.2024.1327,https://doi.org/10.21325/jotags.2024.1327,"[""10.1371/journal.pone.0043765""]",OpenAlex,https://openalex.org/W4390667481
W4381686451,Disentangling the effects of fishing and temperature to explain increasing fish species richness in the North Sea,2023,D. Ieuan Jones; Tanja Miethe; Elizabeth D. Clarke; C. Tara Marshall,10.1007/s10531-023-02643-6,https://doi.org/10.1007/s10531-023-02643-6,"[""10.1111/j.1439-0485.2010.00372.x""]",OpenAlex,https://openalex.org/W4381686451
W4378233261,"Coastal Development: Resilience, Restoration and Infrastructure Requirements",2023,Andy Steven; Kwasi Appeaning Addo; Ghislaine Llewellyn; Vu Thanh Ca; Isaac Boateng; Rodrigo Bustamante; Christopher Doropoulos; Chris Gillies; Mark Hemer; Priscila Lopes; James Kairo; Munsur Rahman; Lalao Aigrette Ravaoarinorotsihoarana; Megan Saunders; U. Rashid Sumaila; Frida Sidik; Louise Teh; Mat Vanderklift; Maria Vozzo,10.1007/978-3-031-16277-0_7,https://doi.org/10.1007/978-3-031-16277-0_7,"[""10.1002/eap.2022""]",OpenAlex,https://openalex.org/W4378233261
W4320491628,Climate Change and Reproductive Biocomplexity in Fishes: Innovative Management Approaches towards Sustainability of Fisheries and Aquaculture,2023,Anisa Mitra; Fagr Kh. Abdel‐Gawad; Samah M. Bassem; Prabal D. Barua; Loredana Assisi; Costantino Parisi; Tarek Ahmed Temraz; Rubina Vangone; Kimia Kajbaf; Vikas Kumar; Giulia Guerriero,10.3390/w15040725,https://doi.org/10.3390/w15040725,"[""10.1371/journal.pone.0186309""]",OpenAlex,https://openalex.org/W4320491628
W4383312979,Changes in Abiotic Drivers of Green Sea Urchin Demographics following the Loss of a Keystone Predator,2023,Benjamin P. Weitzman; Brenda H. Konar; M. S. Edwards; Douglas B. Rasher; Michael C. Kenner; Martin Tim Tinker; James A. Estes,10.1155/2023/1198953,https://doi.org/10.1155/2023/1198953,"[""10.1016/j.biocon.2017.03.014""]",OpenAlex,https://openalex.org/W4383312979
W4294332584,Wild-caught fish populations targeted by MSC-certified fisheries have higher relative abundance than non-MSC populations,2022,Michael C. Melnychuk; Alessio Veneziano; Samantha Lees; Jennifer Rasal; Lauren M. Koerner; Peter Hair; David Costalago; Daniel J. Hively; Ernesto Jardim; Catherine Longo,10.3389/fmars.2022.818772,https://doi.org/10.3389/fmars.2022.818772,"[""10.1371/journal.pone.0043765""]",OpenAlex,https://openalex.org/W4294332584
W4309899646,Understanding the impact of environmental variability and fisheries on the red sea urchin population in Baja California,2022,Alfonso Medellín–Ortiz; Gabriela Montaño‐Moctezuma; Carlos M. Alvarez-Flores; Eduardo Santamaría‐del‐Ángel; Héctor García–Nava; Rodrigo Beas‐Luna; Kyle C. Cavanaugh,10.3389/fmars.2022.987242,https://doi.org/10.3389/fmars.2022.987242,"[""10.1016/j.biocon.2017.03.014""]",OpenAlex,https://openalex.org/W4309899646
W4292978945,Towards ecosystem modeling in the deep sea: A review of past efforts and primer for the future,2022,Matthew S. Woodstock; Yuying Zhang,10.1016/j.dsr.2022.103851,https://doi.org/10.1016/j.dsr.2022.103851,"[""10.1016/j.ecolmodel.2008.06.011""]",OpenAlex,https://openalex.org/W4292978945
W4310744588,The effect of habitat and fishing-effort data resolution on the outcome of seabed status assessment in bottom trawl fisheries,2022,Jan Geert Hiddink; Lowri Evans; Fiona Gilmour; Gonçalo Lourenço; Shaun McLennan; Elise Quinn; Jennifer Shepperson,10.1016/j.fishres.2022.106578,https://doi.org/10.1016/j.fishres.2022.106578,"[""10.1371/journal.pone.0043765""]",OpenAlex,https://openalex.org/W4310744588
W4282585776,The Role of MSC Marine Certification in Fisheries Governance in Finland,2022,Minna Pappila; Minni Tynkkynen,10.3390/su14127178,https://doi.org/10.3390/su14127178,"[""10.1016/j.marpol.2015.11.010""]",OpenAlex,https://openalex.org/W4282585776
W4285292737,Sustainable Supply Chain Management and Life Below Water,2022,Lee Matthews; Madeleine Pullman,10.1007/978-3-319-98536-7_120,https://doi.org/10.1007/978-3-319-98536-7_120,"[""10.1371/journal.pone.0043765""]",OpenAlex,https://openalex.org/W4285292737
W4281724659,Spillover-mediated harvesting competition: Effects of fishing ground configuration on fisheries targeting transboundary species,2022,Nao Takashina; Toshinori Tanaka,10.1016/j.jenvman.2022.115360,https://doi.org/10.1016/j.jenvman.2022.115360,"[""10.1002/eap.2022""]",OpenAlex,https://openalex.org/W4281724659
W4306405238,Spatial distribution and density of the invasive sea urchin Diadema setosum in Turkey (eastern Mediterranean),2022,Fikret Öndes; Vahit Alan; Michel J. Kaiser; Harun Güçlüsoy,10.1111/maec.12724,https://doi.org/10.1111/maec.12724,"[""10.1016/j.biocon.2017.03.014""]",OpenAlex,https://openalex.org/W4306405238
W4283656139,Public awareness of seafood mislabeling,2022,Savannah Ryburn; Wilker M. Ballantine; Florencia M. Loncan; Olivia G. Manning; Meggan A. Alston; Blaire Steinwand; John F. Bruno,10.7717/peerj.13486,https://doi.org/10.7717/peerj.13486,"[""10.1371/journal.pone.0043765""]",OpenAlex,https://openalex.org/W4283656139
W4285808182,Projecting environmental and krill fishery impacts on the Antarctic Peninsula food web in 2100,2022,G. Testa; S. Neira; Ricardo Giesecke; Andrea Piñones,10.1016/j.pocean.2022.102862,https://doi.org/10.1016/j.pocean.2022.102862,"[""10.1016/j.ecolmodel.2008.06.011""]",OpenAlex,https://openalex.org/W4285808182
W4289601216,Products with organic certification: do Brazilian consumers perceive their attributes?,2022,Anderson Rodolfo de Lima; Andréa Rossi Scalco; Gilberto Miller Devós Ganga,10.1590/0103-6513.20220024,https://doi.org/10.1590/0103-6513.20220024,"[""10.1371/journal.pone.0043765""]",OpenAlex,https://openalex.org/W4289601216
W4283798569,"Peer Review #2 of ""Public awareness of seafood mislabeling (v0.1)""",2022,,10.7287/peerj.13486v0.1/reviews/2,https://doi.org/10.7287/peerj.13486v0.1/reviews/2,"[""10.1371/journal.pone.0043765""]",OpenAlex,https://openalex.org/W4283798569
W4283787482,"Peer Review #1 of ""Public awareness of seafood mislabeling (v0.1)""",2022,,10.7287/peerj.13486v0.1/reviews/1,https://doi.org/10.7287/peerj.13486v0.1/reviews/1,"[""10.1371/journal.pone.0043765""]",OpenAlex,https://openalex.org/W4283787482
W4309759141,Navigating sustainability and health trade-offs in global seafood systems,2022,James P. W. Robinson; Angus Garrett; Juan Carlos Paredes Esclapez; Eva Maire; Robert W. R. Parker; Nicholas A. J. Graham,10.1088/1748-9326/aca490,https://doi.org/10.1088/1748-9326/aca490,"[""10.1371/journal.pone.0043765""]",OpenAlex,https://openalex.org/W4309759141
W4285726473,Issue opacity and sustainability standard effectiveness,2022,Frank Wijen; Mallory Elise Flowers,10.1111/rego.12485,https://doi.org/10.1111/rego.12485,"[""10.1371/journal.pone.0043765""]",OpenAlex,https://openalex.org/W4285726473
W7151232038,Gouverner l'océan : les acteurs non étatiques dans la gestion mondiale de la surpêche,2022,Valérie Le Brenne,10.70675/431d0254zfbd5z4e87zaf01zdfb215c1cd7d,https://doi.org/10.70675/431d0254zfbd5z4e87zaf01zdfb215c1cd7d,"[""10.1371/journal.pone.0043765""]",OpenAlex,https://openalex.org/W7151232038
W4284974919,Focusing on the human dimensions to reduce protected species bycatch,2022,Adam L. Ayers; Kirsten Mya Leong,10.1016/j.fishres.2022.106432,https://doi.org/10.1016/j.fishres.2022.106432,"[""10.1016/j.marpol.2015.11.010""]",OpenAlex,https://openalex.org/W4284974919
W4214527570,Fishing opportunities for the deepwater cardinalfish ( Epigonus crassicaudus ) in the continental shelf break along central Chile,2022,Luis A. Cubillos; J. Vilches; Ciro Oyarzún; Daniela V. Yepsen,10.1111/jai.14309,https://doi.org/10.1111/jai.14309,"[""10.1111/j.1439-0485.2010.00372.x""]",OpenAlex,https://openalex.org/W4214527570
W4284976027,Fisher perceptions of Belize’s Managed Access program reveal overall support but need for improved enforcement,2022,Catherine Alves; Olga Denise Garcia; Randall A. Kramer,10.1016/j.marpol.2022.105192,https://doi.org/10.1016/j.marpol.2022.105192,"[""10.1016/j.marpol.2017.01.024""]",OpenAlex,https://openalex.org/W4284976027
W4210575614,Elephant seal foraging success is enhanced in Antarctic coastal polynyas,2022,Fernando Arce; Mark Andrew Hindell; Clive R. McMahon; Simon J. Wotherspoon; Christophe Guinet; Robert G. Harcourt; Sophie Bestley,10.1098/rspb.2021.2452,https://doi.org/10.1098/rspb.2021.2452,"[""10.1016/j.ecolmodel.2008.06.011""]",OpenAlex,https://openalex.org/W4210575614
W4210905291,Economics of Marine Protected Areas: Assessing the Literature for Marine Protected Area Network Expansions,2022,Heidi Joanne Albers; Madison Ashworth,10.1146/annurev-resource-111820-024652,https://doi.org/10.1146/annurev-resource-111820-024652,"[""10.1371/journal.pone.0186309""]",OpenAlex,https://openalex.org/W4210905291
W4281672058,Determination of the geographical origin of Trachinotus ovatus and Pampus argenteus in China by multi-element and stable isotope analysis,2022,Xinyu Ni; Xuyan Li; Guojing Ran; Jiali Chen; Xinwei Jiang; Jianxia Sun; Weibin Bai,10.1016/j.foodchem.2022.133457,https://doi.org/10.1016/j.foodchem.2022.133457,"[""10.1371/journal.pone.0043765""]",OpenAlex,https://openalex.org/W4281672058
W4220876524,Chaotic Genetic Patchiness in the Highly Valued Atlantic Stalked Barnacle Pollicipes pollicipes From the Iberian Peninsula: Implications for Fisheries Management,2022,Marina Parrondo; Paloma Morán; Marion Ballenghien; José Luis Acuña; Alba Aguión; Julio Arrontes; Juliette Chiss; Teresa Cruz; Joana N. Fernandes; Lucía García‐Flórez; Eva García‐Vázquez; Katja Geiger; Gonzalo Macho; Éric Thiébaut; Nicolás Weidberg; Didier Jollivet; Yaisel Juan Borrell,10.3389/fmars.2022.801780,https://doi.org/10.3389/fmars.2022.801780,"[""10.1016/j.marpol.2017.01.024""]",OpenAlex,https://openalex.org/W4220876524
W4223443239,Can the territorial use rights in fisheries (TURF) stabilize the landings of a highly variable benthic resource? Reexamining the fishery of Concholepas concholepas in North-Central Chile,2022,Osvaldo Cerda; Wolfgang B. Stotz,10.1016/j.ocecoaman.2022.106158,https://doi.org/10.1016/j.ocecoaman.2022.106158,"[""10.1002/eap.2022"", ""10.1016/j.marpol.2017.01.024""]",OpenAlex,https://openalex.org/W4223443239
W4285224900,Biophysical modelling of larval dispersal and population connectivity of a stalked barnacle: implications for fishery governance,2022,Rita Nolasco; Jesús Dubert; José Luis Acuña; Alba Aguión; Teresa Cruz; JN Fernandes; KJ Geiger; David Jacinto; Gonzalo Macho; David Mateus; Antonella Rivera; Salvador Román; Éric Thiébaut; Elsa Vázquez; Henrique Queiroga,10.3354/meps14097,https://doi.org/10.3354/meps14097,"[""10.1016/j.marpol.2017.01.024""]",OpenAlex,https://openalex.org/W4285224900
W3198533885,Towards mitigating marine-mammal and sea-turtle mortalities in small-scale fisheries,2021,Rita M. de Castro; Matt Kenyon Broadhurst; Camila Domit,10.1016/j.rsma.2021.101999,https://doi.org/10.1016/j.rsma.2021.101999,"[""10.1016/j.marpol.2015.11.010""]",OpenAlex,https://openalex.org/W3198533885
W3119553517,The future of ocean governance,2021,Bianca Haas; Mary Mackay; Camilla Novaglio; Liam Fullbrook; Michael Murunga; Carla Sbrocchi; Jan McDonald; Phillipa C. McCormack; Karen A. Alexander; Maree Fudge; Lynda Goldsworthy; Fabio Boschetti; Ian M. Dutton; Leo X.C. Dutra; Jeffrey McGee; Yannick Rousseau; Erica A. Spain; Robert L. Stephenson; Joanna Vince; Chris Wilcox; Marcus Haward,10.1007/s11160-020-09631-x,https://doi.org/10.1007/s11160-020-09631-x,"[""10.1371/journal.pone.0043765""]",OpenAlex,https://openalex.org/W3119553517
W3176745746,Territorial Use Rights for Fisheries (TURF) in central-southern Chile: Their sustainability status from a transdisciplinary holistic approach,2021,Milagros Franco-Meléndez; Luis A. Cubillos; Jorge Tam; Simón Hernández Aguado; Renato A. Quiñones; Aldo Hernández R.,10.1016/j.marpol.2021.104644,https://doi.org/10.1016/j.marpol.2021.104644,"[""10.1016/j.marpol.2017.01.024""]",OpenAlex,https://openalex.org/W3176745746
W4241814708,Sustainable Supply Chain Management and Life Below Water,2021,Lee Matthews; Madeleine Pullman,10.1007/978-3-319-71064-8_120-1,https://doi.org/10.1007/978-3-319-71064-8_120-1,"[""10.1371/journal.pone.0043765""]",OpenAlex,https://openalex.org/W4241814708
W3207613215,Scientists' warning to humanity on illegal or unsustainable wildlife trade,2021,Pedro Cardoso; Kofi Amponsah‐Mensah; João P. Barreiros; Jamie Bouhuys; Hubert Cheung; Alisa Davies; Sabrina Kumschick; Stuart J. Longhorn; Carlos A Martínez-Muñoz; Thaís Q. Morcatty; Gretchen Peters; William J. Ripple; Emmanuel Rivera-Téllez; Oliver Stringham; Adam Toomes; Patricia Tricorache; Caroline Sayuri Fukushima,10.1016/j.biocon.2021.109341,https://doi.org/10.1016/j.biocon.2021.109341,"[""10.1371/journal.pone.0043765""]",OpenAlex,https://openalex.org/W3207613215
W3171303782,Revival and recent advancements in the spatial fishery models originally conceived by Sidney Holt and Ray Beverton,2021,Daniel R. Goethel; Steven X. Cadrin,10.1093/icesjms/fsab021,https://doi.org/10.1093/icesjms/fsab021,"[""10.1371/journal.pone.0186309""]",OpenAlex,https://openalex.org/W3171303782
W3154574229,Rethinking sustainability in seafood,2021,Brandi L. McKuin; Jordan T. Watson; Stephen M. Stohs; John Elliott Campbell,10.1525/elementa.2019.00081,https://doi.org/10.1525/elementa.2019.00081,"[""10.1371/journal.pone.0043765""]",OpenAlex,https://openalex.org/W3154574229
W3165720781,Positive social transformations of coastal communities: what conditions enable the success of territorial use rights for fishing?,2021,Juan Francisco Sanchez; Amber Himes‐Cornell; Kathryn H. Dalton; Rebecca Metzner,10.1016/j.cosust.2020.12.008,https://doi.org/10.1016/j.cosust.2020.12.008,"[""10.1002/eap.2022""]",OpenAlex,https://openalex.org/W3165720781
W3139282180,Mitigating Bycatch: Novel Insights to Multidisciplinary Approaches,2021,Dale Squires; Lisa Taylor Ballance; Laurent Dagorn; Peter H. Dutton; Rebecca Lent,10.3389/fmars.2021.613285,https://doi.org/10.3389/fmars.2021.613285,"[""10.1002/eap.2022""]",OpenAlex,https://openalex.org/W3139282180
W4393182328,Measuring Motivations for Choosing Ecolabeled Seafood: Environmental Concerns and Warm Glow,2021,Julia Bronnmann; Max Thilo Stoeven; Martin F. Quaas; Frank Asche,10.3368/le.97.3.641,https://doi.org/10.3368/le.97.3.641,"[""10.1371/journal.pone.0043765""]",OpenAlex,https://openalex.org/W4393182328
W3198645161,Measuring Motivations for Choosing Ecolabeled Seafood: Environmental Concerns and Warm Glow,2021,Julia Bronnmann; Max Thilo Stoeven; Martin F. Quaas; Frank Asche,10.3368/wple.97.3.101119-0147r,https://doi.org/10.3368/wple.97.3.101119-0147r,"[""10.1371/journal.pone.0043765""]",OpenAlex,https://openalex.org/W3198645161
W3175417078,"Marine resource management and fisheries governance in Belize exhibit a polycentric, decentralized, and nested institutional structure",2021,Catherine Alves,10.1016/j.ocecoaman.2021.105742,https://doi.org/10.1016/j.ocecoaman.2021.105742,"[""10.1016/j.marpol.2017.01.024""]",OpenAlex,https://openalex.org/W3175417078
W3189142631,Integrating human and ecological dimensions: The importance of stakeholders’ perceptions and participation on the performance of fisheries co-management in Chile,2021,Milagros Franco-Meléndez; Jorge Tam; Ingrid E. van Putten; Luis A. Cubillos,10.1371/journal.pone.0254727,https://doi.org/10.1371/journal.pone.0254727,"[""10.1016/j.marpol.2017.01.024""]",OpenAlex,https://openalex.org/W3189142631
W3175045926,"Illegal, Unreported, and Unregulated Fisheries Threatening Shark Conservation in African Waters Revealed from High Levels of Shark Mislabelling in Ghana",2021,Narkie Akua Agyeman; Carmen Blanco‐Fernandez; Sophie Leonie Steinhaussen; Eva García‐Vázquez; Gonzalo Machado‐Schiaffino,10.3390/genes12071002,https://doi.org/10.3390/genes12071002,"[""10.1371/journal.pone.0043765""]",OpenAlex,https://openalex.org/W3175045926
W3212243105,Genetic-based evaluation of management units for sustainable vendace (Coregonus albula) fisheries in a large lake system,2021,Juha S. Karjalainen; Rosanna Sjövik; Tuula Väänänen; Tiina Sävilammi; Lotta‐Riina Sundberg; Silva Uusi‐Heikkilä; Timo J. Marjomäki,10.1016/j.fishres.2021.106173,https://doi.org/10.1016/j.fishres.2021.106173,"[""10.1371/journal.pone.0043765""]",OpenAlex,https://openalex.org/W3212243105
W3171822079,Financing a sustainable ocean economy,2021,U. Rashid Sumaila; Melissa Walsh; Kelly Hoareau; Anthony Cox; Louise S. L. Teh; Patrízia Raggi Abdallah; Wisdom Akpalu; Zuzy Anna; Dominique Benzaken; Beatrice Crona; Timothy P. Fitzgerald; Louise Heaps; Ibrahim Issifu; Katia Karousakis; Glenn‐Marie Lange; Amanda Leland; Dana D. Miller; Karen Sack; Durreen Shahnaz; Torsten Thiele; Niels K. Vestergaard; Nobuyuki Yagi; Junjie Zhang,10.1038/s41467-021-23168-y,https://doi.org/10.1038/s41467-021-23168-y,"[""10.1371/journal.pone.0043765""]",OpenAlex,https://openalex.org/W3171822079
W3201918672,Evaluating the role of market-based instruments in protecting marine ecosystem services in wild-caught fisheries,2021,Erin L. Murphy; Miranda L. Bernard; Leah R. Gerber; Kevin J. Dooley,10.1016/j.ecoser.2021.101356,https://doi.org/10.1016/j.ecoser.2021.101356,"[""10.1016/j.marpol.2015.11.010"", ""10.1371/journal.pone.0043765""]",OpenAlex,https://openalex.org/W3201918672
W3194357643,Environmental performance of blue foods,2021,Jessica A. Gephart; Patrik J. G. Henriksson; Robert W. R. Parker; Alon Shepon; Kelvin D. Gorospe; Kristina Bergman; Gidon Eshel; Christopher De Weir Golden; Benjamin S. Halpern; Sara Hornborg; Malin Jonell; Marc Métian; Kathleen Mifflin; Richard W Newton; Peter H. Tyedmers; Wenbo Zhang; Friederike Ziegler; Max Fredrik Troell,10.1038/s41586-021-03889-2,https://doi.org/10.1038/s41586-021-03889-2,"[""10.1371/journal.pone.0043765""]",OpenAlex,https://openalex.org/W3194357643
W4200107726,Effectiveness of Adaptive Real-Time Closures for Managing Migratory Species in Data-Limited Multispecies Fisheries,2021,Masami Munehara; M. Kaewnern; Pavarot Noranarttragoon; Takashi Matsuishi,10.33997/j.afs.2021.34.4.009,https://doi.org/10.33997/j.afs.2021.34.4.009,"[""10.1371/journal.pone.0186309""]",OpenAlex,https://openalex.org/W4200107726
W3134150273,Effectiveness and safety of a thermal insulating coverage on the top of the cryo-cabin during a partial-body cryostimulation,2021,Massimo De Nardi; Sara Silvani; Carlo Facheris; Martina Pagnoncelli; Ambra Bisio; Emanuela Luisa Faelli; Antonio La Torre; Piero Ruggeri; Roberto Codella,10.1016/j.jtherbio.2021.102901,https://doi.org/10.1016/j.jtherbio.2021.102901,"[""10.1371/journal.pone.0043765""]",OpenAlex,https://openalex.org/W3134150273
W3204374507,Ecolabeled seafood and sustainable consumption in the Canadian context: issues and insights from a survey of seafood consumers,2021,Anthony Winson; Jin Young Choi; Devan Hunter; Chantelle Ramsundar,10.1007/s40152-021-00245-y,https://doi.org/10.1007/s40152-021-00245-y,"[""10.1371/journal.pone.0043765""]",OpenAlex,https://openalex.org/W3204374507
W3181070837,Does the benthic biota or fish assemblage within a large targeted fisheries closure differ to surrounding areas after 12 years of protection in tropical northwestern Australia?,2021,Tim J Langlois; Corey B. Wakefield; Euan Sinclair Harvey; Dion K. Boddington; Stephen J. Newman,10.1016/j.marenvres.2021.105403,https://doi.org/10.1016/j.marenvres.2021.105403,"[""10.1111/j.1439-0485.2010.00372.x""]",OpenAlex,https://openalex.org/W3181070837
W3134988718,Applying a jurisdictional approach to support sustainable seafood,2021,John N. Kittinger; Miranda L. Bernard; Elena M. Finkbeiner; Erin L. Murphy; Pablo Obregon; Dane H. Klinger; Michael Schoon; Kevin J. Dooley; Leah R. Gerber,10.1111/csp2.386,https://doi.org/10.1111/csp2.386,"[""10.1016/j.marpol.2015.11.010""]",OpenAlex,https://openalex.org/W3134988718
W3195421814,"An integrated anaerobic digestion and microbial electrolysis system for the enhancement of methane production from organic waste: Fundamentals, innovative design and scale-up deliberation",2021,Amudha Thanarasu; Karthik Periyasamy; Subramanian Sivanesan,10.1016/j.chemosphere.2021.131886,https://doi.org/10.1016/j.chemosphere.2021.131886,"[""10.1371/journal.pone.0186309""]",OpenAlex,https://openalex.org/W3195421814
W3131723335,"After 15 years, no evidence for trophic cascades in marine protected areas",2021,Katrina D. Malakhoff; Robert James Miller,10.1098/rspb.2020.3061,https://doi.org/10.1098/rspb.2020.3061,"[""10.1016/j.biocon.2017.03.014""]",OpenAlex,https://openalex.org/W3131723335
W3137394779,Actions on sustainable food production and consumption for the post-2020 global biodiversity framework,2021,Izabela Delabre; Lily O. Rodríguez; Joanna Miller Smallwood; Jörn P. W. Scharlemann; Joseph M. Alcamo; Alexander S. Antonarakis; Pedram Rowhani; Richard J. Hazell; Dag L. Aksnes; Patricia Balvanera; Carolyn J. Lundquist; Charlotte Gresham; Anthony Edward Alexander; Nils Chr. Stenseth,10.1126/sciadv.abc8259,https://doi.org/10.1126/sciadv.abc8259,"[""10.1371/journal.pone.0043765""]",OpenAlex,https://openalex.org/W3137394779
W2905391664,What do we know about the impacts of the Marine Stewardship Council seafood ecolabelling program? A systematic map,2020,Ashleigh Arton; Anthony Leiman; Gillian Petrokofsky; Hilde Toonen; Catherine Longo,10.1186/s13750-020-0188-9,https://doi.org/10.1186/s13750-020-0188-9,"[""10.1016/j.marpol.2015.11.010"", ""10.1371/journal.pone.0043765""]",OpenAlex,https://openalex.org/W2905391664
W3021361103,Trophic Networks and Ecosystem Functioning,2020,Marco Ortiz; Brenda B. Hermosillo‐Núñez; Ferenc Jordán,10.1007/978-3-030-39448-6_16,https://doi.org/10.1007/978-3-030-39448-6_16,"[""10.1016/j.ecolmodel.2008.06.011""]",OpenAlex,https://openalex.org/W3021361103
W3213182256,The future of ocean governance,2020,Bianca Haas; Mary Mackay; Camilla Novaglio; Liam Fullbrook; Michael Murunga; Carla Sbrocchi; Jan McDonald; Phillipa C. McCormack; Karen A. Alexander; Maree Fudge; Lynda Goldsworthy; Fabio Boschetti; Ian M. Dutton; Leo X.C. Dutra; Jeffrey McGee; Yannick Rousseau; Erica A. Spain; Robert L. Stephenson; Joanna Vince; Chris Wilcox; Marcus Haward,10.22541/au.160193487.70124607/v1,https://doi.org/10.22541/au.160193487.70124607/v1,"[""10.1371/journal.pone.0043765""]",OpenAlex,https://openalex.org/W3213182256
W3004516445,"The effects of temperature and pCO2 on the size, thermal tolerance and metabolic rate of the red sea urchin (Mesocentrotus franciscanus) during early development",2020,Juliet M. Wong; Gretchen E. Hofmann,10.1007/s00227-019-3633-y,https://doi.org/10.1007/s00227-019-3633-y,"[""10.1016/j.biocon.2017.03.014""]",OpenAlex,https://openalex.org/W3004516445
W3022522214,"Small is beautiful, but large is certified: A comparison between fisheries the Marine Stewardship Council (MSC) features in its promotional materials and MSC-certified fisheries",2020,Frédéric Le Manach; Jennifer Jacquet; Megan Bailey; Charlène Jouanneau; Claire Nouvian,10.1371/journal.pone.0231073,https://doi.org/10.1371/journal.pone.0231073,"[""10.1016/j.marpol.2015.11.010"", ""10.1371/journal.pone.0043765""]",OpenAlex,https://openalex.org/W3022522214
W3027800213,Shifting focus: The impacts of sustainable seafood certification,2020,Ingrid E. van Putten; Catherine Longo; Ashleigh Arton; Matt Watson; Christopher M. Anderson; Amber Himes‐Cornell; Clara Obregón; Lucy M. Robinson; Tatiana J. van Steveninck,10.1371/journal.pone.0233237,https://doi.org/10.1371/journal.pone.0233237,"[""10.1016/j.marpol.2015.11.010""]",OpenAlex,https://openalex.org/W3027800213
W3044649254,Risk tolerance and control perception in a game-theoretic bioeconomic model for small-scale fisheries,2020,Eric Zettermann Dias de Azevedo; David Valença Dantas; Fábio Gonçalves Daura-Jorge,10.1098/rsos.200621,https://doi.org/10.1098/rsos.200621,"[""10.1002/eap.2022""]",OpenAlex,https://openalex.org/W3044649254
W3111074741,Prosocial fish consumption and implications for labeling policy,2020,Shinichi Kitano; Naotoshi Yamamoto,10.1016/j.socec.2020.101657,https://doi.org/10.1016/j.socec.2020.101657,"[""10.1371/journal.pone.0043765""]",OpenAlex,https://openalex.org/W3111074741
W3018866019,"Professional Car Drivers’ Attitudes toward Technical, Marketing and Environmental Characteristics of Engine Oils: A Survey Study",2020,Artur Wolak; Kamil Fijorek; Grzegorz Zając,10.3390/en13082069,https://doi.org/10.3390/en13082069,"[""10.1371/journal.pone.0043765""]",OpenAlex,https://openalex.org/W3018866019
W3084127535,Overview of fisheries governance and policy system in the Russian Federation: An analysis against the Marine Stewardship Council (MSC) standard,2020,Mohamed Samy‐Kamal,10.1016/j.ocecoaman.2020.105312,https://doi.org/10.1016/j.ocecoaman.2020.105312,"[""10.1371/journal.pone.0043765""]",OpenAlex,https://openalex.org/W3084127535
W3000024512,Mesocentrotus franciscanus and Strongylocentrotus purpuratus,2020,Laura Rogers‐Bennett; Daniel K. Okamoto,10.1016/b978-0-12-819570-3.00032-9,https://doi.org/10.1016/b978-0-12-819570-3.00032-9,"[""10.1016/j.biocon.2017.03.014""]",OpenAlex,https://openalex.org/W3000024512
W2404474121,Leveraging Legitimacy: How Alaska Circumvented Salmon Sustainability By Creating Their Own Eco-Label,2020,Monique Couture,10.25710/hhw5-fc90,https://doi.org/10.25710/hhw5-fc90,"[""10.1371/journal.pone.0043765""]",OpenAlex,https://openalex.org/W2404474121
W4288035196,"Interactions between fishes, fishermen and ecosystem services in clear and black water rivers of the brazilian Amazon basin",2020,Astrid Tatiana Romero Martínez,10.11144/javeriana.10554.41603,https://doi.org/10.11144/javeriana.10554.41603,"[""10.1016/j.biocon.2017.03.014""]",OpenAlex,https://openalex.org/W4288035196
W3092226260,Green Marketing to Gen Z Consumers in China: Examining the Mediating Factors of an Eco-Label–Informed Purchase,2020,Yao Song; Zhenzhen Qin; Zi‐Hao Qin; Zi‐Hao Qin; Zi‐Hao Qin,10.1177/2158244020963573,https://doi.org/10.1177/2158244020963573,"[""10.1371/journal.pone.0043765""]",OpenAlex,https://openalex.org/W3092226260
W3027973141,Get it in gear : evaluating gear-based trade-offs in fisheries,2020,Tim Cashion,10.14288/1.0390356,https://doi.org/10.14288/1.0390356,"[""10.1371/journal.pone.0043765""]",OpenAlex,https://openalex.org/W3027973141
W3018545188,Exploring ecosystem structure and function of the northern Kerguelen Plateau using a mass-balanced food web model,2020,Roshni C. Subramaniam; Stuart Paul Corney; Kerrie M. Swadling; Jess Melbourne-Thomas,10.1016/j.dsr2.2020.104787,https://doi.org/10.1016/j.dsr2.2020.104787,"[""10.1016/j.ecolmodel.2008.06.011""]",OpenAlex,https://openalex.org/W3018545188
W3083987261,Evaluating Antarctic marine protected area scenarios using a dynamic food web model,2020,Adrian D. Dahood; Kim de Mutsert; George M. Watters,10.1016/j.biocon.2020.108766,https://doi.org/10.1016/j.biocon.2020.108766,"[""10.1016/j.ecolmodel.2008.06.011""]",OpenAlex,https://openalex.org/W3083987261
W3096025361,Effects of cooperation and different characteristics of Marine Protected Areas in a simulated small-scale fishery,2020,Kwabena A. Owusu; Esteban Acevedo‐Trejos; Mouhamed M. Fall; Agostino Merico,10.1016/j.ecocom.2020.100876,https://doi.org/10.1016/j.ecocom.2020.100876,"[""10.1371/journal.pone.0186309""]",OpenAlex,https://openalex.org/W3096025361
W3113157271,Decades of dietary data demonstrate regional food web structures in the Southern Ocean,2020,Stacey A. McCormack; Jess Melbourne-Thomas; Rowan Trebilco; Julia L. Blanchard; Ben Raymond; Andrew John Constable,10.1002/ece3.7017,https://doi.org/10.1002/ece3.7017,"[""10.1016/j.ecolmodel.2008.06.011""]",OpenAlex,https://openalex.org/W3113157271
W3109815568,Data analysis and modeling pipelines for controlled networked social science experiments,2020,Vanessa Cedeno-Mieles; Zhihao Hu; Yihui Ren; Xinwei Deng; Noshir Contractor; Saliya Ekanayake; Joshua M. Epstein; Brian J. Goode; Gizem Korkmaz; Chris J. Kuhlman; Dustin Machi; Michael Walton Macy; MADHAV V. MARATHE; Naren Ramakrishnan; Parang Saraf; Nathan Self,10.1371/journal.pone.0242453,https://doi.org/10.1371/journal.pone.0242453,"[""10.1371/journal.pone.0043765""]",OpenAlex,https://openalex.org/W3109815568
W3093274793,Crop residues may be a key feedstock to bioeconomy but how reliable are current estimation methods?,2020,Shivesh Kishore Karan; Lorie Hamelin,10.1016/j.resconrec.2020.105211,https://doi.org/10.1016/j.resconrec.2020.105211,"[""10.1371/journal.pone.0186309""]",OpenAlex,https://openalex.org/W3093274793
W3095646380,"Changes in Phytoplankton Communities Along the Northern Antarctic Peninsula: Causes, Impacts and Research Priorities",2020,Afonso Ferreira; Raul Rodrigo Costa; Tiago Segabinazzi Dotto; Rodrigo Kerr; Virgínia Maria Tavano; Ana C. Brito; Vanda Brotas; Eduardo R. Secchi; Carlos Rafael Borges Mendes,10.3389/fmars.2020.576254,https://doi.org/10.3389/fmars.2020.576254,"[""10.1016/j.ecolmodel.2008.06.011""]",OpenAlex,https://openalex.org/W3095646380
W3048573078,Blue Economy and Tourism,2020,Jorge H. P. Ramos; Benjamin M. Drakeford,10.4018/978-1-7998-4318-4.ch012,https://doi.org/10.4018/978-1-7998-4318-4.ch012,"[""10.1016/j.marpol.2017.01.024""]",OpenAlex,https://openalex.org/W3048573078
W3028059869,Are media messages to consume more under‐utilized seafood species reliable?,2020,Anna K. Farmery; Ingrid E. van Putten; Michelle Phillipov; Alistair McIlgorm,10.1111/faf.12467,https://doi.org/10.1111/faf.12467,"[""10.1016/j.marpol.2015.11.010""]",OpenAlex,https://openalex.org/W3028059869
W3108323833,Antibiofilm agent pterostilbene is able to enhance antibiotics action against Staphylococcus epidermidis,2020,Petra Kašparová; Eva Vaňková; Lada Brazdova; Kristýna Lokočová; Olga Maťátková; Jan Masák,10.1016/j.micpath.2020.104632,https://doi.org/10.1016/j.micpath.2020.104632,"[""10.1371/journal.pone.0043765""]",OpenAlex,https://openalex.org/W3108323833
W4394175660,Additional file 8 of What do we know about the impacts of the Marine Stewardship Council seafood ecolabelling program? A systematic map,2020,Ashleigh Arton; Anthony Leiman; Gillian Petrokofsky; Hilde Toonen; Catherine Longo,10.6084/m9.figshare.12061893,https://doi.org/10.6084/m9.figshare.12061893,"[""10.1016/j.marpol.2015.11.010""]",OpenAlex,https://openalex.org/W4394175660
W4394457525,Additional file 5 of What do we know about the impacts of the Marine Stewardship Council seafood ecolabelling program? A systematic map,2020,Ashleigh Arton; Anthony Leiman; Gillian Petrokofsky; Hilde Toonen; Catherine Longo,10.6084/m9.figshare.12061872,https://doi.org/10.6084/m9.figshare.12061872,"[""10.1016/j.marpol.2015.11.010""]",OpenAlex,https://openalex.org/W4394457525
W4394432145,Additional file 3 of What do we know about the impacts of the Marine Stewardship Council seafood ecolabelling program? A systematic map,2020,Ashleigh Arton; Anthony Leiman; Gillian Petrokofsky; Hilde Toonen; Catherine Longo,10.6084/m9.figshare.12061860,https://doi.org/10.6084/m9.figshare.12061860,"[""10.1016/j.marpol.2015.11.010""]",OpenAlex,https://openalex.org/W4394432145
W4394336999,Additional file 2 of What do we know about the impacts of the Marine Stewardship Council seafood ecolabelling program? A systematic map,2020,Ashleigh Arton; Anthony Leiman; Gillian Petrokofsky; Hilde Toonen; Catherine Longo,10.6084/m9.figshare.12061854,https://doi.org/10.6084/m9.figshare.12061854,"[""10.1016/j.marpol.2015.11.010""]",OpenAlex,https://openalex.org/W4394336999
W2913994980,Who determines sustainability?,2019,David J. Agnew,10.1111/jfb.13928,https://doi.org/10.1111/jfb.13928,"[""10.1371/journal.pone.0043765""]",OpenAlex,https://openalex.org/W2913994980
W2930966579,Using sea-ice to calibrate a dynamic trophic model for the Western Antarctic Peninsula,2019,Adrian D. Dahood; George M. Watters; Kim de Mutsert,10.1371/journal.pone.0214814,https://doi.org/10.1371/journal.pone.0214814,"[""10.1016/j.ecolmodel.2008.06.011""]",OpenAlex,https://openalex.org/W2930966579
W2914290033,The role of human rights in implementing socially responsible seafood,2019,Lydia C. L. Teh; Richard Caddell; Edward H. Allison; Elena M. Finkbeiner; John N. Kittinger; Katrina Nakamura; Yoshitaka Ota,10.1371/journal.pone.0210241,https://doi.org/10.1371/journal.pone.0210241,"[""10.1371/journal.pone.0043765""]",OpenAlex,https://openalex.org/W2914290033
W2946722286,The market for sustainable seafood drives transformative change in fishery social-ecological systems,2019,Kendra L. Thomas Travaille; Jade Lindley; Gary A. Kendrick; Larry B. Crowder; Julian Clifton,10.1016/j.gloenvcha.2019.05.003,https://doi.org/10.1016/j.gloenvcha.2019.05.003,"[""10.1371/journal.pone.0043765""]",OpenAlex,https://openalex.org/W2946722286
W2980902248,The importance of Antarctic krill in biogeochemical cycles,2019,Emma L. Cavan; Anna Belcher; Angus Atkinson; Simeon L. Hill; So Kawaguchi; Stacey A. McCormack; Bettina Meyer; Stephen Nicol; Lavenia Ratnarajah; Katrin Schmidt; Deborah K. Steinberg; Geraint Andrew Tarling; Philip W. Boyd,10.1038/s41467-019-12668-7,https://doi.org/10.1038/s41467-019-12668-7,"[""10.1016/j.ecolmodel.2008.06.011""]",OpenAlex,https://openalex.org/W2980902248
W2917401066,"The impact of fishing on a highly vulnerable ecosystem, the case of Juan Fernández Ridge ecosystem",2019,Javier Porobic; Elizabeth A. Fulton; Carolina Parada; Stewart D. Frusher; Billy Ernst; Pablo Manríquez,10.1371/journal.pone.0212485,https://doi.org/10.1371/journal.pone.0212485,"[""10.1111/j.1439-0485.2010.00372.x""]",OpenAlex,https://openalex.org/W2917401066
W2927676964,The ecological role of cephalopods and their representation in ecosystem models,2019,Thibaut de la Chesnais; Elizabeth A. Fulton; S Tracey; Gretta T. Pecl,10.1007/s11160-019-09554-2,https://doi.org/10.1007/s11160-019-09554-2,"[""10.1016/j.ecolmodel.2008.06.011""]",OpenAlex,https://openalex.org/W2927676964
W2944327333,"The Weddell Gyre, Southern Ocean: Present Knowledge and Future Challenges",2019,María Vernet; Walter Geibert; Mario Hoppema; Peter J. Brown; Christian Haas; Hartmut H. Hellmer; Wilfried Jokat; Loïc Jullion; Matthew R. Mazloff; Dorothée C. E. Bakker; J. Alexander Brearley; Peter Leslie Croot; Tore Hattermann; Judith Hauck; Claus‐Dieter Hillenbrand; Clara J. M. Hoppe; Oliver Huhn; Boris Peter Koch; Oliver Jens Lechtenfeld; Michael P. Meredith; Alberto C. Naveira Garabato; Eva‐Maria Nöthig; Ilka Peeken; Michiel M Rutgers van der Loeff; Sunke Schmidtko; M. Schröder; Volker H. Strass; Sinhué Torres‐Valdés; Ariane Verdy,10.1029/2018rg000604,https://doi.org/10.1029/2018rg000604,"[""10.1016/j.ecolmodel.2008.06.011""]",OpenAlex,https://openalex.org/W2944327333
W2946209485,Temporal and spatial predictions of effect of alternative fishing policies for the Gran Canaria marine ecosystem,2019,Lorena Couce‐Montero; Villy Christensen; Alberto Bilbao Sieyro; Yeray Pérez González; David Jiménez‐Alvarado; José J. Castro,10.1111/jfb.14012,https://doi.org/10.1111/jfb.14012,"[""10.1016/j.marpol.2017.01.024""]",OpenAlex,https://openalex.org/W2946209485
W2912554647,Sustainability: A flawed concept for fisheries management?,2019,Richard Stafford,10.1525/elementa.346,https://doi.org/10.1525/elementa.346,"[""10.1371/journal.pone.0186309""]",OpenAlex,https://openalex.org/W2912554647
W2947292895,Stability analysis and traveling wave solution of a reaction–diffusion model for fish population incorporating time-dependent recruitment intensity,2019,Jeerawan Suksamran; Yongwimon Lenbury,10.1186/s13662-019-2140-2,https://doi.org/10.1186/s13662-019-2140-2,"[""10.1371/journal.pone.0186309""]",OpenAlex,https://openalex.org/W2947292895
W2949218453,"Presence of organochlorine pollutants in fat and scats of pinnipeds from the Antarctic Peninsula and South Shetland Islands, and their relationship to trophic position",2019,Elvira Vergara; Víctor Hernández; Kelly R. Munkittrick; Ricardo  O. Barra; Cristóbal J. Galbán-Malagón; Gustavo Chiang,10.1016/j.scitotenv.2019.06.122,https://doi.org/10.1016/j.scitotenv.2019.06.122,"[""10.1016/j.ecolmodel.2008.06.011""]",OpenAlex,https://openalex.org/W2949218453
W2980656180,Oceans and Coastal Policy,2019,UN Environment,10.1017/9781108627146.020,https://doi.org/10.1017/9781108627146.020,"[""10.1016/j.marpol.2017.01.024""]",OpenAlex,https://openalex.org/W2980656180
W2967884806,Myctophid Fish (Family Myctophidae) Are Central Consumers in the Food Web of the Scotia Sea (Southern Ocean),2019,Ryan Alexander Saunders; Simeon L. Hill; Geraint Andrew Tarling; Eugene J. Murphy,10.3389/fmars.2019.00530,https://doi.org/10.3389/fmars.2019.00530,"[""10.1016/j.ecolmodel.2008.06.011""]",OpenAlex,https://openalex.org/W2967884806
W2921944791,Mixing Regional Fisheries Management and Private Certification,2019,Markos Karavias,10.1017/9781108653183.006,https://doi.org/10.1017/9781108653183.006,"[""10.1371/journal.pone.0043765""]",OpenAlex,https://openalex.org/W2921944791
W2943981272,Management of mobile species with spatial property rights: Challenges and opportunities,2019,Daniel F. Viana,10.1016/j.fishres.2019.05.003,https://doi.org/10.1016/j.fishres.2019.05.003,"[""10.1016/j.marpol.2017.01.024""]",OpenAlex,https://openalex.org/W2943981272
W2940916485,Lobster fishery and marine reserve interactions in central New Zealand,2019,Ursula A. Rojas-Nazar; Tyler D. Eddy; James J. Bell; Jonathan P. A. Gardner,10.1016/j.marpol.2019.04.011,https://doi.org/10.1016/j.marpol.2019.04.011,"[""10.1371/journal.pone.0186309""]",OpenAlex,https://openalex.org/W2940916485
W2978726499,Leverage points in the financial sector for seafood sustainability,2019,Jean‐Baptiste Jouffray; Beatrice Crona; Emmy Wassénius; Jan Bebbington; Bert Scholtens,10.1126/sciadv.aax3324,https://doi.org/10.1126/sciadv.aax3324,"[""10.1371/journal.pone.0043765""]",OpenAlex,https://openalex.org/W2978726499
W2932672724,"Home range and spawning migration patterns of queen triggerfish Balistes vetula in St. Croix, US Virgin Islands",2019,David R. Bryan; MW Feeley; RS Nemeth; C Pollock; Jerald S. Ault,10.3354/meps12944,https://doi.org/10.3354/meps12944,"[""10.1371/journal.pone.0186309""]",OpenAlex,https://openalex.org/W2932672724
W2910591235,Experiments reveal limited top‐down control of key herbivores in southern California kelp forests,2019,Robert P. Dunn; Kevin A. Hovel,10.1002/ecy.2625,https://doi.org/10.1002/ecy.2625,"[""10.1016/j.biocon.2017.03.014""]",OpenAlex,https://openalex.org/W2910591235
W2922562206,Electrophysical Properties and Determination of the Impedance of Vestibular Labyrinth Tissues,2019,V. P. Demkin; S. V. Melnichuk; P. P. Shchetinin; Herman Kingma; Raymond van de Berg,10.1007/s11182-019-01632-z,https://doi.org/10.1007/s11182-019-01632-z,"[""10.1371/journal.pone.0043765""]",OpenAlex,https://openalex.org/W2922562206
W2946009118,Ecological and socioeconomic strategies to sustain Caribbean coral reefs in a high-CO 2 world,2019,Andreas J. Andersson; Alexander A. Venn; Linwood H. Pendleton; Angélique Brathwaite; Emma F. Camp; Sarah R. Cooley; D. K. Gledhill; Marguerite S. Koch; Samir Maliki; Carrie Manfrino,10.1016/j.rsma.2019.100677,https://doi.org/10.1016/j.rsma.2019.100677,"[""10.1371/journal.pone.0043765""]",OpenAlex,https://openalex.org/W2946009118
W2970116219,Eco-labels and product longevity: The case of whitefish in UK grocery retailing,2019,Geir Sogn‐Grundvåg; Frank Asche; Dengjun Zhang; James A. Young,10.1016/j.foodpol.2019.101750,https://doi.org/10.1016/j.foodpol.2019.101750,"[""10.1371/journal.pone.0043765""]",OpenAlex,https://openalex.org/W2970116219
W2987792254,Designing Monitoring Programs for Marine Protected Areas Within an Evidence Based Decision Making Paradigm,2019,Keith R. Hayes; Geoffrey R. Hosack; Emma Lawrence; Paul T. Hedge; Neville Scott Barrett; Rachel Przeslawski; Michael Julian Caley; Scott D. Foster,10.3389/fmars.2019.00746,https://doi.org/10.3389/fmars.2019.00746,"[""10.1016/j.biocon.2017.03.014""]",OpenAlex,https://openalex.org/W2987792254
W2908830420,Correction: Eco-Label Conveys Reliable Information on Fish Stock Health to Seafood Consumers,2019,Nicolás L. Gutiérrez; Sarah R. Valencia; Trevor A. Branch; David J. Agnew; Julia K. Baum; Patricia L. Bianchi; Jorge Cornejo‐Donoso; Christopher Costello; Omar Defeo; Timothy E. Essington; Ray Hilborn; Daniel D. Hoggarth; Ashley Larsen; Chris Ninnes; Keith J. Sainsbury; Rebecca L. Selden; Seeta A. Sistla; Anthony D. M. Smith; Amanda Stern-Pirlot; Sarah J. Teck; James T. Thorson; Nicholas E. Williams; and the PLOS ONE Editors,10.1371/journal.pone.0210844,https://doi.org/10.1371/journal.pone.0210844,"[""10.1371/journal.pone.0043765""]",OpenAlex,https://openalex.org/W2908830420
W2978712708,Coral Reef Conservation Solution-Scape White Paper,2019,Amelia S. Wenger; Gabby N. Ahmadia; Jorge Gabriel Álvarez-Romero; Megan D. Barnes; Jessica L. Blythe; Jon Brodie; Jon Day; Helen  E. Fox; David Gill; Nicole Auil Gomez; Georgina Grace Gurney; Katherine E. Holmes; Stacy D. Jupiter; Joleah B. Lamb; Sangeeta Mangubhai; Elizabeth Matthews; Robert L. Pressey; Lida T. Teneva; Alexander Tewfik; Sue Wells; Emily S. Darling,10.31230/osf.io/yd4zg,https://doi.org/10.31230/osf.io/yd4zg,"[""10.1371/journal.pone.0043765""]",OpenAlex,https://openalex.org/W2978712708
W2981252449,Cooperation as a solution to shared resources in territorial use rights in fisheries,2019,Eréndira Aceves‐Bueno; Steve J. Miller; Jorge Cornejo‐Donoso; Steven D. Gaines,10.1002/eap.2022,https://doi.org/10.1002/eap.2022,"[""10.1016/j.marpol.2017.01.024""]",OpenAlex,https://openalex.org/W2981252449
W2921980866,Controversy Over Voluntary Environmental Standards: A Socioeconomic Analysis of the Marine Stewardship Council,2019,Frank Wijen; Mireille Chiroleu‐Assouline,10.1177/1086026619831449,https://doi.org/10.1177/1086026619831449,"[""10.1371/journal.pone.0043765""]",OpenAlex,https://openalex.org/W2921980866
W2959299246,Competition between marine mammals and fisheries in contemporary harvested marine ecosystems,2019,Dunja Jusufovski; Camilo Saavedra; Anna K. Kuparinen,10.3354/meps13068,https://doi.org/10.3354/meps13068,"[""10.1016/j.ecolmodel.2008.06.011""]",OpenAlex,https://openalex.org/W2959299246
W2969959314,An interdisciplinary evaluation of community-based TURF-reserves,2019,Juan Carlos Villaseñor‐Derbez; Eréndira Aceves‐Bueno; Stuart Fulton; Alvin Suárez; Arturo Hernández‐Velasco; Jorge Torre; Fiorenza Micheli,10.1371/journal.pone.0221660,https://doi.org/10.1371/journal.pone.0221660,"[""10.1016/j.marpol.2017.01.024""]",OpenAlex,https://openalex.org/W2969959314
W4236762994,An interdisciplinary evaluation of community-based TURF-reserves,2019,Juan Carlos Villaseñor‐Derbez,10.31230/osf.io/8vgqu,https://doi.org/10.31230/osf.io/8vgqu,"[""10.1016/j.marpol.2017.01.024""]",OpenAlex,https://openalex.org/W4236762994
W2984855636,Alternative pathways to sustainable seafood,2019,Joshua S. Stoll; Megan Bailey; Malin Jonell,10.1111/conl.12683,https://doi.org/10.1111/conl.12683,"[""10.1371/journal.pone.0043765""]",OpenAlex,https://openalex.org/W2984855636
W2953797884,"Alternative energy pathways in Southern Ocean food webs: Insights from a balanced model of Prydz Bay, Antarctica",2019,Stacey A. McCormack; Jess Melbourne-Thomas; Rowan Trebilco; Julia L. Blanchard; Andrew John Constable,10.1016/j.dsr2.2019.07.001,https://doi.org/10.1016/j.dsr2.2019.07.001,"[""10.1016/j.ecolmodel.2008.06.011""]",OpenAlex,https://openalex.org/W2953797884
W4240185889,What do we know about the impacts of the Marine Stewardship Council seafood ecolabelling program? A systematic map protocol,2018,Ashleigh Arton; Anthony Leiman; Gillian Petrokofsky; Hilde Toonen; FRANCIS C. NEAT; Catherine Longo,10.1186/s13750-018-0143-1,https://doi.org/10.1186/s13750-018-0143-1,"[""10.1371/journal.pone.0043765""]",OpenAlex,https://openalex.org/W4240185889
W2891735023,Threats to Seamount Ecosystems and Their Management,2018,Alex David Rogers,10.1016/b978-0-12-805052-1.00018-8,https://doi.org/10.1016/b978-0-12-805052-1.00018-8,"[""10.1111/j.1439-0485.2010.00372.x""]",OpenAlex,https://openalex.org/W2891735023
W2801314664,The role of corporate social responsibility in creating a Seussian world of seafood sustainability,2018,Megan Bailey; Helen Packer; Laurenne Schiller; Michael F. Tlusty; Wilf Swartz,10.1111/faf.12289,https://doi.org/10.1111/faf.12289,"[""10.1371/journal.pone.0043765""]",OpenAlex,https://openalex.org/W2801314664
W2783986106,"The Sustainable Seafood Movement Is a Governance Concert, with the Audience Playing a Key Role",2018,Kate Barclay; Alice M.M. Miller,10.3390/su10010180,https://doi.org/10.3390/su10010180,"[""10.1371/journal.pone.0043765""]",OpenAlex,https://openalex.org/W2783986106
W2847105607,The Biology of Seamounts: 25 Years on,2018,Alex David Rogers,10.1016/bs.amb.2018.06.001,https://doi.org/10.1016/bs.amb.2018.06.001,"[""10.1111/j.1439-0485.2010.00372.x""]",OpenAlex,https://openalex.org/W2847105607
W2800980205,Technical Barriers to Trade: A Canadian Perspective on Ecolabelling,2018,Farnaz Farnia; Nathalie de Marcellis-Warin; Thierry Warin,10.1515/gej-2017-0090,https://doi.org/10.1515/gej-2017-0090,"[""10.1371/journal.pone.0043765""]",OpenAlex,https://openalex.org/W2800980205
W2792617620,Sustainable Fishing Methods in Asia Pacific Region,2018,Sudath T. Dammannagoda,10.1007/978-3-319-73257-2_3,https://doi.org/10.1007/978-3-319-73257-2_3,"[""10.1371/journal.pone.0043765""]",OpenAlex,https://openalex.org/W2792617620
W2807817220,Stock Market Reactions to Auto Manufacturers’ Environmental Failures,2018,Lincoln Christopher Wood; Jason X. Wang; Linh Nguyen Khanh Duong; Torsten Reiners; Rikki Smith,10.1177/0276146718781915,https://doi.org/10.1177/0276146718781915,"[""10.1371/journal.pone.0043765""]",OpenAlex,https://openalex.org/W2807817220
W2886542207,Spatial and temporal dynamics of the Antarctic krill fishery in fishing hotspots in the Bransfield Strait and South Shetland Islands,2018,Francisco Santa Cruz; Billy Ernst; Javier A. Arata; Carolina Parada,10.1016/j.fishres.2018.07.020,https://doi.org/10.1016/j.fishres.2018.07.020,"[""10.1016/j.ecolmodel.2008.06.011""]",OpenAlex,https://openalex.org/W2886542207
W2807440255,Quality of a fished resource: Assessing spatial and temporal dynamics,2018,Sarah J. Teck; Julio Lorda; Nick T. Shears; Tal Ben‐Horin; Rebecca Ellen Toseland; Sarah T. Rathbone; Dave Rudie; Steven D. Gaines,10.1371/journal.pone.0196864,https://doi.org/10.1371/journal.pone.0196864,"[""10.1016/j.biocon.2017.03.014""]",OpenAlex,https://openalex.org/W2807440255
W2941126673,New environmental governance interventions in the Global South: fishery improvement projects in the African context,2018,A. Richard Nyiawung,,https://openalex.org/W2941126673,"[""10.1016/j.marpol.2015.11.010""]",OpenAlex,https://openalex.org/W2941126673
W2901071714,"Metazoan parasite communities of two deep-sea elasmobranchs: the southern lanternshark, Etmopterus granulosus, and the largenose catshark, Apristurus nasutus, in the Southeastern Pacific Ocean",2018,Juan Francisco Espínola-Novelo; Rubén Escribano; Marcelo Enrique Oliva,10.1051/parasite/2018054,https://doi.org/10.1051/parasite/2018054,"[""10.1111/j.1439-0485.2010.00372.x""]",OpenAlex,https://openalex.org/W2901071714
W2796964114,Informing the design of territorial use rights in fisheries from marine protected area theory,2018,Eréndira Aceves‐Bueno; BS Halpern,10.3354/meps12571,https://doi.org/10.3354/meps12571,"[""10.1016/j.marpol.2017.01.024""]",OpenAlex,https://openalex.org/W2796964114
W2805057110,Generic names and mislabeling conceal high species diversity in global fisheries markets,2018,Donna‐Mareè Cawthorn; Charles Baillie; Stefano Mariani,10.1111/conl.12573,https://doi.org/10.1111/conl.12573,"[""10.1371/journal.pone.0043765""]",OpenAlex,https://openalex.org/W2805057110
W4246767817,Fisheries certification in the developing world: Locks and keys or square pegs in round holes?,2018,Yorgos Stratoudakis; Patrick McConney; John Duncan; Abdul Ghofar; Nancy Gitonga; Kolliyil Sunil Mohamed; Melita Samoilys; Keith Symington; Luis Bourillón,10.31230/osf.io/e7pd8,https://doi.org/10.31230/osf.io/e7pd8,"[""10.1371/journal.pone.0043765""]",OpenAlex,https://openalex.org/W4246767817
W2808891583,Examining the impact of CITES listing of sharks and rays in Southeast Asian fisheries,2018,Kim Jerome Friedman; S Gabriel; Oluwatosin Abe; Ahmad Adnan Nuruddin; A. Ali; Raja Bidin Raja Hassan; Steven X. Cadrin; Andrew S. Cornish; Tom De Meulenaer; Dharmadi; Fahmi Fahmi; L Huu Tuan Anh; Daniel Kachelriess; L Kissol; Tassapon Krajangdara; Abdul Wahab; Wataru Tanoue; Chea Tharith; F Torres; Worawit Wanchana; Sai Aung Kyaw Win; Kotaro Yokawa; Yi-Ning Ye,10.1111/faf.12281,https://doi.org/10.1111/faf.12281,"[""10.1371/journal.pone.0043765""]",OpenAlex,https://openalex.org/W2808891583
W2883675503,Evolution and future of the sustainable seafood market,2018,Cathy A. Roheim; Simon R. Bush; Frank Asche; James N. Sanchirico; Hirotsugu Uchida,10.1038/s41893-018-0115-z,https://doi.org/10.1038/s41893-018-0115-z,"[""10.1371/journal.pone.0043765""]",OpenAlex,https://openalex.org/W2883675503
W2901218484,Establishing company level fishing revenue and profit losses from fisheries: A bottom-up approach,2018,Tim Cashion; Santiago de la Puente; Dyhia Belhabib; Daniel F Pauly; Dirk C. Zeller; U. Rashid Sumaila,10.1371/journal.pone.0207768,https://doi.org/10.1371/journal.pone.0207768,"[""10.1371/journal.pone.0043765""]",OpenAlex,https://openalex.org/W2901218484
W2781973677,Eco-Labels and the Supply Chain,2018,Rikki Smith; Lincoln Christopher Wood,10.4018/978-1-5225-5273-4.ch006,https://doi.org/10.4018/978-1-5225-5273-4.ch006,"[""10.1371/journal.pone.0043765""]",OpenAlex,https://openalex.org/W2781973677
W2892296531,Diversity of Mesopelagic Fishes in the Southern Ocean - A Phylogeographic Perspective Using DNA Barcoding,2018,Henrik Christiansen; Agnès Dettaı̈; Franz M. Heindler; Martin A. Collins; Guy Duhamel; Mélyne Hautecœur; Dirk Steinke; Filip A. M. Volckaert; Anton Van de Putte,10.3389/fevo.2018.00120,https://doi.org/10.3389/fevo.2018.00120,"[""10.1016/j.ecolmodel.2008.06.011""]",OpenAlex,https://openalex.org/W2892296531
W2909772698,Design trade‐offs in rights‐based management of small‐scale fisheries,2018,Daniel F. Viana; Stefan Gelcich; Eréndira Aceves‐Bueno; Becky Twohey; Steven D. Gaines,10.1111/cobi.13208,https://doi.org/10.1111/cobi.13208,"[""10.1016/j.marpol.2017.01.024""]",OpenAlex,https://openalex.org/W2909772698
W2790025691,Can regional fisheries management organizations (RFMOs) manage resources effectively during climate change?,2018,Brian Pentz; Nicole Lisa Klenk; Sharron Ogle; Jonathan A. D. Fisher,10.1016/j.marpol.2018.01.011,https://doi.org/10.1016/j.marpol.2018.01.011,"[""10.1371/journal.pone.0186309""]",OpenAlex,https://openalex.org/W2790025691
W2896834748,CRITÉRIOS PARA FORNECIMENTO DE PESCADO AO EXÉRCITO BRASILEIRO NA SEGUNDA REGIÃO MILITAR: ESTUDO DE CASO,2018,Werner Souza Martins; Simone de Carvalho Balian,10.18817/repesca.v11i1.1546,https://doi.org/10.18817/repesca.v11i1.1546,"[""10.1371/journal.pone.0043765""]",OpenAlex,https://openalex.org/W2896834748
W2892064732,Addressing Environmental Criteria and Energy Footprint in the Selection of Feedstocks for Bioenergy Production,2018,Iana Salim; Lucía Lijó; Marı́a Teresa Moreira; Gumersindo Feijóo,10.1007/978-981-13-2457-4_1,https://doi.org/10.1007/978-981-13-2457-4_1,"[""10.1371/journal.pone.0186309""]",OpenAlex,https://openalex.org/W2892064732
W2906069235,A tale of two standards: A case study of the Fair Trade USA certified Maluku handline yellowfin tuna (Thunnus albacares) fishery,2018,Meghan E. Borland; Megan Bailey,10.1016/j.marpol.2018.12.004,https://doi.org/10.1016/j.marpol.2018.12.004,"[""10.1016/j.marpol.2015.11.010""]",OpenAlex,https://openalex.org/W2906069235
W3044160567,>b /b<,2018,Werner Souza Martins,10.11606/t.10.2018.tde-26062019-153914,https://doi.org/10.11606/t.10.2018.tde-26062019-153914,"[""10.1371/journal.pone.0043765""]",OpenAlex,https://openalex.org/W3044160567
W2753090502,“Fish as food”: Exploring a food sovereignty approach to small-scale fisheries,2017,Charles Z. Levkoe; Kristen N. Lowitt; Connie Nelson,10.1016/j.marpol.2017.08.018,https://doi.org/10.1016/j.marpol.2017.08.018,"[""10.1371/journal.pone.0043765""]",OpenAlex,https://openalex.org/W2753090502
W2774240952,¿Estamos investigando la efectividad de las certificaciones ambientales para lograr la sustentabilidad acuícola?,2017,Javier Rangel Díaz; Concepción Arredondo García; Ileana Espejel,10.31840/sya.v0i15.1785,https://doi.org/10.31840/sya.v0i15.1785,"[""10.1371/journal.pone.0043765""]",OpenAlex,https://openalex.org/W2774240952
W2592559111,Will American consumers pay more for eco-friendly labeled canned tuna? Estimating US consumer demand for canned tuna varieties using scanner data,2017,Chin-Hwa Jenny Sun; Fu‐Sung Chiang; Matthew Owens; Dale Squires,10.1016/j.marpol.2017.02.006,https://doi.org/10.1016/j.marpol.2017.02.006,"[""10.1371/journal.pone.0043765""]",OpenAlex,https://openalex.org/W2592559111
W2770516609,Trophy hunting certification,2017,Thomas Cherico Wanger; Lochran W. Traill; Rosie Cooney; Jonathan R. Rhodes; Teja Tscharntke,10.1038/s41559-017-0387-0,https://doi.org/10.1038/s41559-017-0387-0,"[""10.1371/journal.pone.0043765""]",OpenAlex,https://openalex.org/W2770516609
W2758300428,The Antiproliferative and Antibacterial Effect of Moringa oleifera-Mediated Gold Nanoparticles: A Review,2017,Charlette Tiloke; Anil Amichund Chuturgoon,10.1007/978-981-10-5511-9_13,https://doi.org/10.1007/978-981-10-5511-9_13,"[""10.1371/journal.pone.0043765""]",OpenAlex,https://openalex.org/W2758300428
W2613777191,Reduced Single Nucleotide Polymorphism Panels for Assigning Atlantic Albacore and Bay of Biscay Anchovy Individuals to Their Geographic Origin: Toward Sustainable Fishery Management,2017,Iratxe Montes; Urtzi Laconcha; Mikel Iriondo; Carmen Manzano; Haritz Arrizabalaga; Andone Estonba,10.1021/acs.jafc.7b00619,https://doi.org/10.1021/acs.jafc.7b00619,"[""10.1371/journal.pone.0043765""]",OpenAlex,https://openalex.org/W2613777191
W2631840598,Quantifying keystone species complexes: Ecosystem-based conservation management in the King George Island (Antarctic Peninsula),2017,Marco Ortiz; Brenda B. Hermosillo‐Núñez; Jorge E. González; Fabián Alejandro Rodríguez-Zaragoza; Iván Gómez; Ferenc Jordán,10.1016/j.ecolind.2017.06.016,https://doi.org/10.1016/j.ecolind.2017.06.016,"[""10.1016/j.ecolmodel.2008.06.011""]",OpenAlex,https://openalex.org/W2631840598
W2621305172,Mitigating bycatch in tuna fisheries,2017,Martin A. Hall; Eric L. Gilman; Hiroshi Minami; Takahisa Mituhasi; Erin H. Carruthers,10.1007/s11160-017-9478-x,https://doi.org/10.1007/s11160-017-9478-x,"[""10.1371/journal.pone.0043765""]",OpenAlex,https://openalex.org/W2621305172
W2620548076,Interactions between International Law and Private Fisheries Certification,2017,Markos Karavias,10.1017/s2047102517000139,https://doi.org/10.1017/s2047102517000139,"[""10.1371/journal.pone.0043765""]",OpenAlex,https://openalex.org/W2620548076
W2553509317,Factors Behind Increasing Ocean Use: The IPAT Equation and the Marine Environment,2017,Troels Jacob Hegland,10.1007/978-3-319-60156-4_27,https://doi.org/10.1007/978-3-319-60156-4_27,"[""10.1016/j.marpol.2015.11.010""]",OpenAlex,https://openalex.org/W2553509317
W2731526531,Exploring benefits of spatial cooperative harvesting in a sea urchin fishery: an agent‐based approach,2017,Nicolás L. Gutiérrez; Peter Halmay; Ray Hilborn; André Eric Punt; Stephen C. Schroeter,10.1002/ecs2.1829,https://doi.org/10.1002/ecs2.1829,"[""10.1371/journal.pone.0043765""]",OpenAlex,https://openalex.org/W2731526531
W2795102468,Evaluating the promise and pitfalls of a potential climate change–tolerant sea urchin fishery in southern California,2017,Kirk N. Sato; Jackson A. Powell; Dave Rudie; Lisa Ann Levin,10.1093/icesjms/fsx225,https://doi.org/10.1093/icesjms/fsx225,"[""10.1016/j.biocon.2017.03.014""]",OpenAlex,https://openalex.org/W2795102468
W112103770,EcoBase : A Repository Solution to Gather and Communicate Information from EwE Models,2017,Mathieu Colléter; Audrey Valls; Jérôme Guitton; Lyne G. Morissette; Francisco Arreguı́n-Sánchez; Villy Christensen; Didier Gascuel; Daniel F Pauly,10.14288/1.0354309,https://doi.org/10.14288/1.0354309,"[""10.1016/j.ecolmodel.2008.06.011""]",OpenAlex,https://openalex.org/W112103770
W2604154188,Consumer perspectives on theoretical certification schemes for the marine aquarium trade,2017,Thane A. Militz; Simon J. Foale; Jeff Kinch; Paul C. Southgate,10.1016/j.fishres.2017.03.022,https://doi.org/10.1016/j.fishres.2017.03.022,"[""10.1371/journal.pone.0043765""]",OpenAlex,https://openalex.org/W2604154188
W2792143402,Can we meet the Target? Status and future trends for fisheries sustainability,2017,Louise S. L. Teh; William W. L. Cheung; Villy Christensen; UR Sumaila,10.1016/j.cosust.2018.02.006,https://doi.org/10.1016/j.cosust.2018.02.006,"[""10.1371/journal.pone.0043765""]",OpenAlex,https://openalex.org/W2792143402
W2600017475,Applying a New Ensemble Approach to Estimating Stock Status of Marine Fisheries around the World,2017,Andrew A. Rosenberg; Kristin M. Kleisner; Jamie C. Afflerbach; Sean C. Anderson; Mark Dickey‐Collas; Andrew B. Cooper; Michael J. Fogarty; Elizabeth A. Fulton; Nicolás L. Gutiérrez; Kimberly J. W. Hyde; Ernesto Jardim; Olaf P. Jensen; Trond Kristiansen; Catherine Longo; Carolina V. Minte‐Vera; Cóilín Minto; Iago Mosqueira; Giacomo Chato Osio; Daniel Ovando; Elizabeth R. Selig; James T. Thorson; Jessica C. Walsh; Yimin Ye,10.1111/conl.12363,https://doi.org/10.1111/conl.12363,"[""10.1371/journal.pone.0043765""]",OpenAlex,https://openalex.org/W2600017475
W3120200481,A Review of the Papua New Guinea Marine Aquarium Fishery,2017,Thane A. Militz,10.25903/hzgj-qm75,https://doi.org/10.25903/hzgj-qm75,"[""10.1371/journal.pone.0043765""]",OpenAlex,https://openalex.org/W3120200481
W2400102787,broader view of stewardship to achieve conservation and sustainability goals in South Africa,2016,Jaco Barendse; Dirk J. Roux; Bianca Currie; Natasha Wilson; Christo Fabricius,10.17159/sajs.2016/20150359,https://doi.org/10.17159/sajs.2016/20150359,"[""10.1371/journal.pone.0043765""]",OpenAlex,https://openalex.org/W2400102787
W2403233312,The current situation and prospects of fisheries certification and ecolabelling,2016,Nicolás L. Gutiérrez; Omar Defeo; Simon R. Bush; Doug S Butterworth; Cathy A. Roheim; André Eric Punt,10.1016/j.fishres.2016.05.004,https://doi.org/10.1016/j.fishres.2016.05.004,"[""10.1371/journal.pone.0043765""]",OpenAlex,https://openalex.org/W2403233312
W2536864549,The Risk Assessment for Sourcing Seafood (RASS): Empowering businesses to buy responsibly,2016,Alex Caveen; William Lart; H. Duggan; Tom Pickerell,10.1016/j.marpol.2016.10.005,https://doi.org/10.1016/j.marpol.2016.10.005,"[""10.1371/journal.pone.0043765""]",OpenAlex,https://openalex.org/W2536864549
W2487008448,The Importance of Krill Predation in the Southern Ocean,2016,Philip N. Trathan; Simeon L. Hill,10.1007/978-3-319-29279-3_9,https://doi.org/10.1007/978-3-319-29279-3_9,"[""10.1016/j.ecolmodel.2008.06.011""]",OpenAlex,https://openalex.org/W2487008448
W2266003574,The Ethics and Sustainability of Capture Fisheries and Aquaculture,2016,Mimi E. Lam,10.1007/s10806-015-9587-2,https://doi.org/10.1007/s10806-015-9587-2,"[""10.1371/journal.pone.0043765""]",OpenAlex,https://openalex.org/W2266003574
W2533445859,Southern Ocean biological iron cycling in the pre-whaling and present ecosystems,2016,Maria Teresa Maldonado; Szymon Surma; Evgeny A. Pakhomov,10.1098/rsta.2015.0292,https://doi.org/10.1098/rsta.2015.0292,"[""10.1016/j.ecolmodel.2008.06.011""]",OpenAlex,https://openalex.org/W2533445859
W2518228299,Self-oriented monolayer immobilization of ovalbumin and B. cereus antibody molecules on a chemically modified surface of silicon nitride fosters the enhancement of capture of bio-agents,2016,Antonio Varriale; Karine Bonnot; Sergio Peransı́; Andrea Scala; Sabato D’Auria,10.1016/j.colsurfb.2016.08.051,https://doi.org/10.1016/j.colsurfb.2016.08.051,"[""10.1371/journal.pone.0043765""]",OpenAlex,https://openalex.org/W2518228299
W2467839114,Responsible food marketing and standardisation: an exploratory study,2016,Georgina Cairns; Marisa de Andrade; Jane Landon,10.1108/bfj-10-2015-0368,https://doi.org/10.1108/bfj-10-2015-0368,"[""10.1371/journal.pone.0043765""]",OpenAlex,https://openalex.org/W2467839114
W2519204598,Regulatory Frameworks for Seafood Authenticity and Traceability,2016,Johann Hofherr; Jann Th. Martinsohn; Donna‐Mareè Cawthorn; Barbara  A. Rasco; Amanda Madelaine Naaum,10.1016/b978-0-12-801592-6.00003-6,https://doi.org/10.1016/b978-0-12-801592-6.00003-6,"[""10.1371/journal.pone.0043765""]",OpenAlex,https://openalex.org/W2519204598
W2293565996,Multijurisdictional fisheries performance reporting: How Australia’s nationally standardised approach to assessing stock status compares,2016,Matthew J. Flood; Ilona C. Stobutzki; James Andrews; Crispian Ashby; Gavin A. Begg; Rick Fletcher; Caleb Gardner; Lee Georgeson; Scott Hansen; Klaas Hartmann; Patrick W. Hone; James Larcombe; Luke Maloney; Anthony Moore; Justin Roach; Anthony J. Roelofs; Keith J. Sainsbury; Thor Mayo Saunders; Sean Sloan; Anthony D. M. Smith; John Stewart; Carolyn L. Stewardson; Brent S. Wise,10.1016/j.fishres.2016.02.002,https://doi.org/10.1016/j.fishres.2016.02.002,"[""10.1371/journal.pone.0043765""]",OpenAlex,https://openalex.org/W2293565996
W2488386604,"Macroscopic network properties and short-term dynamic simulations in coastal ecological systems at Fildes Bay (King George Island, Antarctica)",2016,Marco Ortiz; Fernando Berríos; Jorge E. González; Fabián Alejandro Rodríguez-Zaragoza; Iván Gómez,10.1016/j.ecocom.2016.06.003,https://doi.org/10.1016/j.ecocom.2016.06.003,"[""10.1016/j.ecolmodel.2008.06.011""]",OpenAlex,https://openalex.org/W2488386604
W2304703146,Identifying and mitigating potential risks for Marine Stewardship Council assessment and certification,2016,Lynda M. Bellchambers; Emily Fisher; Alastair V. Harry; Kendra L. Thomas Travaille,10.1016/j.fishres.2016.03.006,https://doi.org/10.1016/j.fishres.2016.03.006,"[""10.1371/journal.pone.0043765""]",OpenAlex,https://openalex.org/W2304703146
W2200175195,"Fishers, Fair Trade, and finding middle ground",2016,Megan Bailey; Simon R. Bush; Peter J. M. Oosterveer; Laksmi Larastiti,10.1016/j.fishres.2015.11.027,https://doi.org/10.1016/j.fishres.2015.11.027,"[""10.1371/journal.pone.0043765""]",OpenAlex,https://openalex.org/W2200175195
W2549515210,Financial and Ecological Implications of Global Seafood Mislabeling,2016,Christine C. Stawitz; Margaret C. Siple; Stuart H. Munsch; Qi Lee,10.1111/conl.12328,https://doi.org/10.1111/conl.12328,"[""10.1371/journal.pone.0043765""]",OpenAlex,https://openalex.org/W2549515210
W2275033961,Fair trade fish: consumer support for broader seafood sustainability,2016,Loren McClenachan; Sahan T. M. Dissanayake; Xiaojie Chen,10.1111/faf.12148,https://doi.org/10.1111/faf.12148,"[""10.1371/journal.pone.0043765""]",OpenAlex,https://openalex.org/W2275033961
W2288328935,Estimating the economic benefits of MSC certification for the South African hake trawl fishery,2016,Philippe Lallemand; Mike Bergh; Margaret Hansen; Martin Purves,10.1016/j.fishres.2016.02.003,https://doi.org/10.1016/j.fishres.2016.02.003,"[""10.1371/journal.pone.0043765""]",OpenAlex,https://openalex.org/W2288328935
W2473773376,ECO-labels as a multidimensional research topic: Trends and opportunities,2016,Vanessa Prieto‐Sandoval; José Antonio Alfaro; Andrés Mejia‐Villa; Marta Ormazábal,10.1016/j.jclepro.2016.06.167,https://doi.org/10.1016/j.jclepro.2016.06.167,"[""10.1371/journal.pone.0043765""]",OpenAlex,https://openalex.org/W2473773376
W2320304252,Demersal fish communities of the shelf and slope of South Georgia and Shag Rocks (Southern Ocean),2016,Susan Gregory; Martin A. Collins; Mark Belchier,10.1007/s00300-016-1929-7,https://doi.org/10.1007/s00300-016-1929-7,"[""10.1111/j.1439-0485.2010.00372.x""]",OpenAlex,https://openalex.org/W2320304252
W2482574747,Caffeine‐mediated BDNF release regulates long‐term synaptic plasticity through activation of IRS2 signaling,2016,Cristina Lao‐Peregrín; Jesus Javier Ballesteros; Miriam Fernández; Alfonsa Zamora‐Moratalla; Ana Saavedra; María Gómez-Lázaro; Esther Pérez‐Navarro; Deborah Jane Burks; Eduardo Daniel Martín,10.1111/adb.12433,https://doi.org/10.1111/adb.12433,"[""10.1371/journal.pone.0043765""]",OpenAlex,https://openalex.org/W2482574747
W2507928487,At-Sea Distribution and Prey Selection of Antarctic Petrels and Commercial Krill Fisheries,2016,Sébastien Descamps; Arnaud Tarroux; Yves Cherel; Karine Delord; Olav Rune Godø; Akiko Kato; Bjørn Arne Krafft; Svein‐Håkon Lorentsen; Yan Ropert‐Coudert; Georg Skaret; Øystein Varpe,10.1371/journal.pone.0156968,https://doi.org/10.1371/journal.pone.0156968,"[""10.1016/j.ecolmodel.2008.06.011""]",OpenAlex,https://openalex.org/W2507928487
W2486408657,Adopting Marine Stewardship Council certification of Western Australian fisheries at a jurisdictional level: The benefits and challenges,2016,L. M. Bellchambers; D.J. Gaughan; Brent S. Wise; G. Jackson; W.J. Fletcher,10.1016/j.fishres.2016.07.014,https://doi.org/10.1016/j.fishres.2016.07.014,"[""10.1371/journal.pone.0043765""]",OpenAlex,https://openalex.org/W2486408657
W2343604842,A qualitative meta-synthesis of the benefits of eco-labeling in developing countries,2016,Anna Carlson; Charles E. Palmer,10.1016/j.ecolecon.2016.03.020,https://doi.org/10.1016/j.ecolecon.2016.03.020,"[""10.1371/journal.pone.0043765""]",OpenAlex,https://openalex.org/W2343604842
W2265694388,Using catch-per-unit-effort data to solve spatial problems in Orange Roughy abundance estimates,2015,Max Schofield,10.26686/wgtn.17013338.v1,https://doi.org/10.26686/wgtn.17013338.v1,"[""10.1111/j.1439-0485.2010.00372.x""]",OpenAlex,https://openalex.org/W2265694388
W4235012555,Using catch-per-unit-effort data to solve spatial problems in Orange Roughy abundance estimates,2015,Max Schofield,10.26686/wgtn.17013338,https://doi.org/10.26686/wgtn.17013338,"[""10.1111/j.1439-0485.2010.00372.x""]",OpenAlex,https://openalex.org/W4235012555
W1908899612,Understanding socio-ecological drivers of spatial allocation choice in a multi-species artisanal fishery: A Bayesian network modeling approach,2015,Helven Naranjo-Madrigal; Ingrid E. van Putten; Ana Norman‐López,10.1016/j.marpol.2015.09.003,https://doi.org/10.1016/j.marpol.2015.09.003,"[""10.1371/journal.pone.0043765""]",OpenAlex,https://openalex.org/W1908899612
W2198205108,Translating sustainable seafood frameworks to assess the implementation of ecosystem-based fisheries management,2015,Lucie Hazen; Elodie Le Cornu; Amanda Zerbe; Rebecca Martone; Ashley L. Erickson; Larry B. Crowder,10.1016/j.fishres.2015.11.019,https://doi.org/10.1016/j.fishres.2015.11.019,"[""10.1371/journal.pone.0043765""]",OpenAlex,https://openalex.org/W2198205108
W1837194521,The influence of the Sustainable Seafood Movement in the US and UK capture fisheries supply chain and fisheries governance,2015,Alexis Gutiérrez; Siân Morgan,10.3389/fmars.2015.00072,https://doi.org/10.3389/fmars.2015.00072,"[""10.1371/journal.pone.0043765""]",OpenAlex,https://openalex.org/W1837194521
W2145594405,The impacts of deep-sea fisheries on benthic communities: a review,2015,Malcolm R. Clark; Franziska Althaus; Thomas  Alfred Schlacher; Alan Williams; David A. Bowden; Ashley Alun Rowden,10.1093/icesjms/fsv123,https://doi.org/10.1093/icesjms/fsv123,"[""10.1111/j.1439-0485.2010.00372.x""]",OpenAlex,https://openalex.org/W2145594405
W2027742698,The effect of using different regions of interest on local and mean skin temperature,2015,Nirav Maniar; Aaron J. E. Bach; Ian B. Stewart; Joseph T. Costello,10.1016/j.jtherbio.2015.01.008,https://doi.org/10.1016/j.jtherbio.2015.01.008,"[""10.1371/journal.pone.0043765""]",OpenAlex,https://openalex.org/W2027742698
W2178450234,"The Marine Stewardship Council certification in Latin America and the Caribbean: A review of experiences, potentials and pitfalls",2015,Mónica Pérez‐Ramírez; Mauricio Castrejón; Nicolás L. Gutiérrez; Omar Defeo,10.1016/j.fishres.2015.11.007,https://doi.org/10.1016/j.fishres.2015.11.007,"[""10.1371/journal.pone.0043765""]",OpenAlex,https://openalex.org/W2178450234
W1911872065,Taking High Conservation Value from Forests to Freshwaters,2015,Robin Abell; Siân Morgan; Alexis J. Morgan,10.1007/s00267-015-0472-6,https://doi.org/10.1007/s00267-015-0472-6,"[""10.1371/journal.pone.0043765""]",OpenAlex,https://openalex.org/W1911872065
W2176819205,Promoting selective fisheries through certification? An analysis of the PNA unassociated-sets purse seine fishery,2015,Rolf Adriaan Groeneveld; Martin F. Quaas,10.1016/j.fishres.2015.10.014,https://doi.org/10.1016/j.fishres.2015.10.014,"[""10.1371/journal.pone.0043765""]",OpenAlex,https://openalex.org/W2176819205
W394436704,Pricing of eco-labels with retailer heterogeneity,2015,Frank Asche; Thomas A. Larsen; Martin D. Smith; Geir Sogn‐Grundvåg; James A. Young,10.1016/j.foodpol.2015.04.004,https://doi.org/10.1016/j.foodpol.2015.04.004,"[""10.1371/journal.pone.0043765""]",OpenAlex,https://openalex.org/W394436704
W2018258631,Picoplankton and nanoplankton variability in an Antarctic shallow coastal zone (Admiralty Bay) during the austral summer of 2010/2011,2015,Mariana Vanzan; José Juan Barrera-Alba; Márcio Murilo Barboza Tenório; Denise Rivera Tenenbaum,10.1007/s00300-015-1692-1,https://doi.org/10.1007/s00300-015-1692-1,"[""10.1016/j.ecolmodel.2008.06.011""]",OpenAlex,https://openalex.org/W2018258631
W2179421337,"Non‐random patterns and temporal trends (1912–2012) in the transport, introduction and establishment of exotic birds in Spain and Portugal",2015,Pedro Abellán; Martina Carrete; José D. Anadón; Laura Cardador; José Luis Tella,10.1111/ddi.12403,https://doi.org/10.1111/ddi.12403,"[""10.1371/journal.pone.0043765""]",OpenAlex,https://openalex.org/W2179421337
W2192995868,Market-based conservation: labelling palm oil products as wildlife-friendly.,2015,Anna Zulkifli Kalyana Sundram,,https://openalex.org/W2192995868,"[""10.1371/journal.pone.0043765""]",OpenAlex,https://openalex.org/W2192995868
W2189259211,Informational institutions in the agrifood sector: meta-information and meta-governance of environmental sustainability,2015,Lan Ge; Christopher A. Brewster,10.1016/j.cosust.2015.10.002,https://doi.org/10.1016/j.cosust.2015.10.002,"[""10.1371/journal.pone.0043765""]",OpenAlex,https://openalex.org/W2189259211
W1578425118,Improving global environmental management with standard corporate reporting,2015,Peter Kareiva; Brynn W. McNally; Steve McCormick; Tom Miller; Mary H. Ruckelshaus,10.1073/pnas.1408120111,https://doi.org/10.1073/pnas.1408120111,"[""10.1371/journal.pone.0043765""]",OpenAlex,https://openalex.org/W1578425118
W1931831004,Hidden in plain sight: Using optimum yield as a policy framework to operationalize ecosystem-based fisheries management,2015,Wesley S. Patrick; Jason S. Link,10.1016/j.marpol.2015.08.014,https://doi.org/10.1016/j.marpol.2015.08.014,"[""10.1371/journal.pone.0043765""]",OpenAlex,https://openalex.org/W1931831004
W1242169777,Have dockside prices improved after MSC certification? analysis of multiple fisheries,2015,Adam Stemle; Hirotsugu Uchida; Cathy A. Roheim,10.1016/j.fishres.2015.07.022,https://doi.org/10.1016/j.fishres.2015.07.022,"[""10.1371/journal.pone.0043765""]",OpenAlex,https://openalex.org/W1242169777
W1861399222,From certification to recertification the benefits and challenges of the Marine Stewardship Council (MSC): A case study using lobsters,2015,Lynda M. Bellchambers; Bruce F. Phillips; Mónica Pérez‐Ramírez,10.1016/j.fishres.2015.08.029,https://doi.org/10.1016/j.fishres.2015.08.029,"[""10.1371/journal.pone.0043765""]",OpenAlex,https://openalex.org/W1861399222
W1160845833,From Ice to Penguins: The Role of Mathematics in Antarctic Research,2015,José Carlos Xavier; Simeon L. Hill; Mark Belchier; Thomas J. Bracegirdle; Eugene J. Murphy; Joaquim Dias,10.1007/978-3-319-16121-1_20,https://doi.org/10.1007/978-3-319-16121-1_20,"[""10.1016/j.ecolmodel.2008.06.011""]",OpenAlex,https://openalex.org/W1160845833
W1879550276,Fisheries certification in the developing world: Locks and keys or square pegs in round holes?,2015,Yorgos Stratoudakis; Patrick McConney; John Duncan; Abdul Ghofar; Nancy Gitonga; Kolliyil Sunil Mohamed; Melita Samoilys; Keith Symington; Luis Bourillón,10.1016/j.fishres.2015.08.021,https://doi.org/10.1016/j.fishres.2015.08.021,"[""10.1371/journal.pone.0043765""]",OpenAlex,https://openalex.org/W1879550276
W2191646576,Evaluating seafood eco-labeling as a mechanism to reduce collateral impacts of fisheries in an ecosystem-based fisheries management context,2015,Rebecca L. Selden; Sarah R. Valencia; Ashley Larsen; Jorge Cornejo‐Donoso; Amanda A. Wasserman,10.1016/j.marpol.2015.11.010,https://doi.org/10.1016/j.marpol.2015.11.010,"[""10.1371/journal.pone.0043765""]",OpenAlex,https://openalex.org/W2191646576
W2095898536,Ecosystem service information to benefit sustainability standards for commodity supply chains,2015,Rebecca Chaplin‐Kramer; Malin Jonell; Anne D. Guerry; Éric F. Lambin; Alexis J. Morgan; Derric N. Pennington; Nathan Smith; Jane Atkins Franch; Stephen Polasky,10.1111/nyas.12961,https://doi.org/10.1111/nyas.12961,"[""10.1371/journal.pone.0043765""]",OpenAlex,https://openalex.org/W2095898536
W2152178454,Consumer Acceptance of Eco-Labeled Fish: A Mexican Case Study,2015,Mónica Pérez‐Ramírez; Marco Antonio Almendarez-Hernández; Gerzaín Avilés-Polanco; Luis Felipe Beltrán‐Morales,10.3390/su7044625,https://doi.org/10.3390/su7044625,"[""10.1371/journal.pone.0043765""]",OpenAlex,https://openalex.org/W2152178454
W1942426446,Benthic megafaunal community structure of cobalt-rich manganese crusts on Necker Ridge,2015,Nicole B. Morgan; Stephen D. Cairns; Henry M. Reiswig; Amy R. Baco,10.1016/j.dsr.2015.07.003,https://doi.org/10.1016/j.dsr.2015.07.003,"[""10.1111/j.1439-0485.2010.00372.x""]",OpenAlex,https://openalex.org/W1942426446
W2077389330,A Novel Bio-Inspired Krill Herd Optimization in Wireless Ad-Hoc Network (WANET) for Effective Routing,2015,J. Amudhavel; S. Kumarakrishnan; B. Anantharaj; D. Padmashree; S. Harinee; K. Prem Kumar,10.1145/2743065.2743093,https://doi.org/10.1145/2743065.2743093,"[""10.1016/j.ecolmodel.2008.06.011""]",OpenAlex,https://openalex.org/W2077389330
W1585843179,"A Comparison between Conductive and Infrared Devices for Measuring Mean Skin Temperature at Rest, during Exercise in the Heat, and Recovery",2015,Aaron J. E. Bach; Ian B. Stewart; Alice E. Disher; Joseph T. Costello,10.1371/journal.pone.0117907,https://doi.org/10.1371/journal.pone.0117907,"[""10.1371/journal.pone.0043765""]",OpenAlex,https://openalex.org/W1585843179
W2134079092,Where the waters meet: sharing ideas and experiences between inland and marine realms to promote sustainable fisheries management,2014,Steven J. Cooke; Robert Arlinghaus; D. M. Bartley; T. Douglas Beard; I. G. Cowx; Tim E. Essington; Olaf P. Jensen; Abigail J. Lynch; William W. L. Taylor; Reg A. Watson,10.1139/cjfas-2014-0176,https://doi.org/10.1139/cjfas-2014-0176,"[""10.1371/journal.pone.0043765""]",OpenAlex,https://openalex.org/W2134079092
W2026745914,Under the banner of sustainability: The politics and prose of an emerging US federal seafood certification,2014,Joshua S. Stoll; Teresa R. Johnson,10.1016/j.marpol.2014.09.027,https://doi.org/10.1016/j.marpol.2014.09.027,"[""10.1371/journal.pone.0043765""]",OpenAlex,https://openalex.org/W2026745914
W2046487799,"The trophodynamics of marine top predators: Current knowledge, recent advances and challenges",2014,Jock W. Young; Brian P Hunt; Timothée R. Cook; Joel K. Llopiz; Elliott Lee Hazen; Heidi Pethybridge; Daniela M. Ceccarelli; Anne Lorrain; Robert Olson; Valérie Allain; Christophe E. Menkes; Toby A. Patterson; Simon Nicol; Patrick Lehodey; Rudy J. Kloser; Haritz Arrizabalaga; C. Anela Choy,10.1016/j.dsr2.2014.05.015,https://doi.org/10.1016/j.dsr2.2014.05.015,"[""10.1016/j.ecolmodel.2008.06.011""]",OpenAlex,https://openalex.org/W2046487799
W2284177764,The Role of Underutilized Fish in New England's Seafood System,2014,Taylor Witkin,,https://openalex.org/W2284177764,"[""10.1371/journal.pone.0043765""]",OpenAlex,https://openalex.org/W2284177764
W2044449702,Spatio‐temporal variations in demersal fish assemblages and diversity in the northern Gulf of St. Lawrence (Canada),2014,Hacène Tamdrari; Jean‐Claude Brêthes; Diane Archambault,10.1111/maec.12163,https://doi.org/10.1111/maec.12163,"[""10.1111/j.1439-0485.2010.00372.x""]",OpenAlex,https://openalex.org/W2044449702
W2102201290,"Shifts in microphytoplankton species and cell size at Admiralty Bay, Antarctica",2014,Priscila Kienteca Lange; Denise Rivera Tenenbaum; Virgínia Maria Tavano; Rodolfo Paranhos; Lúcia de Siqueira Campos,10.1017/s0954102014000571,https://doi.org/10.1017/s0954102014000571,"[""10.1016/j.ecolmodel.2008.06.011""]",OpenAlex,https://openalex.org/W2102201290
W1673740276,"Seafood consumption in Portugal : patterns, drivers and sustainability",2014,Cheila Almeida,,https://openalex.org/W1673740276,"[""10.1371/journal.pone.0043765""]",OpenAlex,https://openalex.org/W1673740276
W2268177393,Pricing of Eco-Labels for Salmon in UK Supermarkets,2014,Frank Asche; Thomas Aagaard Larsen; Martin D. Smith; Geir Sogn‐Grundvåg; James A. Young,10.2139/ssrn.2467677,https://doi.org/10.2139/ssrn.2467677,"[""10.1371/journal.pone.0043765""]",OpenAlex,https://openalex.org/W2268177393
W1983150765,Net private benefits of purchasing eco-labeled air conditioners and subsidization policies in China,2014,Junxiu Sun; Haitao Yin; Feng Wang,10.1016/j.enpol.2014.04.039,https://doi.org/10.1016/j.enpol.2014.04.039,"[""10.1371/journal.pone.0043765""]",OpenAlex,https://openalex.org/W1983150765
W1998192531,Limit Reference Points for Pacific Salmon Fisheries,2014,Nicole Portley; Harold J. Geiger,10.1080/02755947.2014.882453,https://doi.org/10.1080/02755947.2014.882453,"[""10.1371/journal.pone.0043765""]",OpenAlex,https://openalex.org/W1998192531
W2117147052,How precautionary is the policy governing the Ross Sea Antarctic toothfish ( Dissostichus mawsoni ) fishery? - ERRATUM,2014,Peter A. Abrams,10.1017/s0954102014000698,https://doi.org/10.1017/s0954102014000698,"[""10.1371/journal.pone.0043765""]",OpenAlex,https://openalex.org/W2117147052
W1993905870,Harvest control rules for a sustainable orange roughy fishery,2014,Ian J. Doonan; Dan Fu; Matthew R. Dunn,10.1016/j.dsr.2014.12.001,https://doi.org/10.1016/j.dsr.2014.12.001,"[""10.1111/j.1439-0485.2010.00372.x""]",OpenAlex,https://openalex.org/W1993905870
W2100551055,Foraging behaviour of southern elephant seals over the Kerguelen Plateau,2014,Malcolm D. O'Toole; Mark Andrew Hindell; Jean‐Benoît Charrassin; Christophe Guinet,10.3354/meps10709,https://doi.org/10.3354/meps10709,"[""10.1016/j.ecolmodel.2008.06.011""]",OpenAlex,https://openalex.org/W2100551055
W2057591429,Fishing for recognition: Understanding the use of NGO guidelines in fishery improvement projects,2014,L.K. Deighan; Lekelia Danielle Jenkins,10.1016/j.marpol.2014.10.009,https://doi.org/10.1016/j.marpol.2014.10.009,"[""10.1371/journal.pone.0043765""]",OpenAlex,https://openalex.org/W2057591429
W2091621944,Environmental Quality of Italian Marine Water by Means of Marine Strategy Framework Directive (MSFD) Descriptor 9,2014,Chiara Maggi; Serena Lomiri; Bianca Di Lorenzo; Marco d’Antona; Maria Teresa Berducci,10.1371/journal.pone.0108463,https://doi.org/10.1371/journal.pone.0108463,"[""10.1371/journal.pone.0043765""]",OpenAlex,https://openalex.org/W2091621944
W2049065222,Effects of physical activity and training programs on plasma homocysteine levels: a systematic review,2014,Alexandre de Souza e Silva; Maria Paula Mota,10.1007/s00726-014-1741-z,https://doi.org/10.1007/s00726-014-1741-z,"[""10.1371/journal.pone.0043765""]",OpenAlex,https://openalex.org/W2049065222
W2030065891,Effects of Whaling on the Structure of the Southern Ocean Food Web: Insights on the “Krill Surplus” from Ecosystem Modelling,2014,Szymon Surma; Evgeny A. Pakhomov; Tony J. Pitcher,10.1371/journal.pone.0114978,https://doi.org/10.1371/journal.pone.0114978,"[""10.1016/j.ecolmodel.2008.06.011""]",OpenAlex,https://openalex.org/W2030065891
W1563547675,ECOLOGICAL BENEFITS OF THE MARINE STEWARDSHIP COUNCIL ECOLABEL: A GLOBAL ANALYSIS,2014,"Blackstock, Sarah",10.23860/thesis-blackstock-sarah-2014,https://doi.org/10.23860/thesis-blackstock-sarah-2014,"[""10.1371/journal.pone.0043765""]",OpenAlex,https://openalex.org/W1563547675
W2163155274,Do community supported fisheries (CSFs) improve sustainability?,2014,Loren McClenachan; Benjamin P. Neal; Dalal Al-Abdulrazzak; Taylor Witkin; Kara Fisher; John N. Kittinger,10.1016/j.fishres.2014.03.016,https://doi.org/10.1016/j.fishres.2014.03.016,"[""10.1371/journal.pone.0043765""]",OpenAlex,https://openalex.org/W2163155274
W2022023317,Carbon Flows Through the Pelagic Sub-food Web in Two Basins of the Chilean Patagonian Coastal Ecosystem: the Significance of Coastal–Ocean Connection on Ecosystem Parameters,2014,Héctor J. Pavés; Humberto E. González; Leonardo R. Castro; José Luis Iriarte,10.1007/s12237-014-9780-y,https://doi.org/10.1007/s12237-014-9780-y,"[""10.1016/j.ecolmodel.2008.06.011""]",OpenAlex,https://openalex.org/W2022023317
W1977306882,Can Consumers Understand Sustainability through Seafood Eco-Labels? A U.S. and UK Case Study,2014,Alexis Gutiérrez; Thomas F. Thornton,10.3390/su6118195,https://doi.org/10.3390/su6118195,"[""10.1371/journal.pone.0043765""]",OpenAlex,https://openalex.org/W1977306882
W561879261,Broadening the perspective on seafood production : Life cycle thinking and fisheries management,2014,Sara Hornborg,10.1007/s00267-013-0096-7,https://doi.org/10.1007/s00267-013-0096-7,"[""10.1371/journal.pone.0043765""]",OpenAlex,https://openalex.org/W561879261
W1971787121,Boundless no more,2014,Amanda C. J. Vincent; Jean M. Harris,10.1126/science.1255923,https://doi.org/10.1126/science.1255923,"[""10.1371/journal.pone.0043765""]",OpenAlex,https://openalex.org/W1971787121
W2039359970,An ecosystem model of the Prince Edward Island archipelago,2014,L. Gurney; Evgeny A. Pakhomov; Villy Christensen,10.1016/j.ecolmodel.2014.09.008,https://doi.org/10.1016/j.ecolmodel.2014.09.008,"[""10.1016/j.ecolmodel.2008.06.011""]",OpenAlex,https://openalex.org/W2039359970
W2059974809,Accounting for overfishing in life cycle assessment: new impact categories for biotic resource use,2014,Andreas Emanuelsson; Friederike Ziegler; Leif Pihl; Mattias Sköld; Ulf Sonesson,10.1007/s11367-013-0684-z,https://doi.org/10.1007/s11367-013-0684-z,"[""10.1371/journal.pone.0043765""]",OpenAlex,https://openalex.org/W2059974809
W2156960896,A system‐wide approach to supporting improvements in seafood production practices and outcomes,2014,Fiorenza Micheli; Giulio A. De Leo; Geoff Shester; Rebecca Martone; Salvador  Emilio Lluch-Cota; Cheryl Butner; Larry B. Crowder; Rod M. Fujita; Stefan Gelcich; Monica Jain; Sarah E. Lester; Bonnie J. McCay; Robin Pelc; Andrea Sáenz‐Arroyo,10.1890/110257,https://doi.org/10.1890/110257,"[""10.1371/journal.pone.0043765""]",OpenAlex,https://openalex.org/W2156960896
W2062228215,A Critical Assessment of Marine Aquarist Biodiversity Data and Commercial Aquaculture: Identifying Gaps in Culture Initiatives to Inform Local Fisheries Managers,2014,Joanna Michelle Murray; Gordon James Watson,10.1371/journal.pone.0105982,https://doi.org/10.1371/journal.pone.0105982,"[""10.1371/journal.pone.0043765""]",OpenAlex,https://openalex.org/W2062228215
W2136585021,Trophic niche of squids: Insights from isotopic data in marine systems worldwide,2013,Joan Navarro; Marta Coll; Christopher J. Somes; Robert Olson,10.1016/j.dsr2.2013.01.031,https://doi.org/10.1016/j.dsr2.2013.01.031,"[""10.1016/j.ecolmodel.2008.06.011""]",OpenAlex,https://openalex.org/W2136585021
W2096361175,The role of the information of the Marine Stewardship Council certification process in developing countries: A case study of two Mexico MSC fisheries certified in Mexico,2013,M. Cano Chacon,,https://openalex.org/W2096361175,"[""10.1371/journal.pone.0043765""]",OpenAlex,https://openalex.org/W2096361175
W2116263760,The MSC experience: developing an operational certification standard and a market incentive to improve fishery sustainability,2013,David J. Agnew; Nicolás L. Gutiérrez; Amanda Stern-Pirlot; Daniel D. Hoggarth,10.1093/icesjms/fst091,https://doi.org/10.1093/icesjms/fst091,"[""10.1371/journal.pone.0043765""]",OpenAlex,https://openalex.org/W2116263760
W2030431289,Structure and functioning of two pelagic communities in the North Chilean Patagonian coastal system,2013,Héctor J. Pavés; Humberto E. González; Villy Christensen,10.1007/s10750-013-1576-8,https://doi.org/10.1007/s10750-013-1576-8,"[""10.1016/j.ecolmodel.2008.06.011""]",OpenAlex,https://openalex.org/W2030431289
W2078969326,Spatial and temporal variability of demersal fishes at Condor seamount (Northeast Atlantic),2013,Gui Manuel Machado Menezes; Eva Giacomello,10.1016/j.dsr2.2013.08.010,https://doi.org/10.1016/j.dsr2.2013.08.010,"[""10.1111/j.1439-0485.2010.00372.x""]",OpenAlex,https://openalex.org/W2078969326
W1999214091,Seasonal changes in the vertical distribution and community structure of Antarctic macrozooplankton and micronekton,2013,Hauke Flores; Brian P. V. Hunt; Svenja Kruse; Evgeny A. Pakhomov; Volker Siegel; J.A. van Franeker; Volker H. Strass; Anton Van de Putte; Erik H. Meesters; Ulrich Bathmann,10.1016/j.dsr.2013.11.001,https://doi.org/10.1016/j.dsr.2013.11.001,"[""10.1016/j.ecolmodel.2008.06.011""]",OpenAlex,https://openalex.org/W1999214091
W1964858544,"Reconstruction of demersal fisheries history on the Condor seamount, Azores archipelago (Northeast Atlantic)",2013,Gui Manuel Machado Menezes; Hugo Diogo; Eva Giacomello,10.1016/j.dsr2.2013.02.031,https://doi.org/10.1016/j.dsr2.2013.02.031,"[""10.1111/j.1439-0485.2010.00372.x""]",OpenAlex,https://openalex.org/W1964858544
W2037316963,Productivity and linkages of the food web of the southern region of the western Antarctic Peninsula continental shelf,2013,Tosca Ballerini; Eileen E. Hofmann; David G. Ainley; Kendra L. Daly; Marina Marrari; Christine A. Ribic; Walker O Jr Smith; John Hyslop Steele,10.1016/j.pocean.2013.11.007,https://doi.org/10.1016/j.pocean.2013.11.007,"[""10.1016/j.ecolmodel.2008.06.011""]",OpenAlex,https://openalex.org/W2037316963
W4225808262,"Population Genetics of the Teleost Orange Roughy, Hoplostethus Atlanticus, and Insights into their Visual Adaptations to the Deep-Sea Environment",2013,Andrea Isabel Varela Nayar,10.26686/wgtn.17003845.v1,https://doi.org/10.26686/wgtn.17003845.v1,"[""10.1111/j.1439-0485.2010.00372.x""]",OpenAlex,https://openalex.org/W4225808262
W4225496179,"Population Genetics of the Teleost Orange Roughy, Hoplostethus Atlanticus, and Insights into their Visual Adaptations to the Deep-Sea Environment",2013,Andrea Isabel Varela Nayar,10.26686/wgtn.17003845,https://doi.org/10.26686/wgtn.17003845,"[""10.1111/j.1439-0485.2010.00372.x""]",OpenAlex,https://openalex.org/W4225496179
W1969294035,MSC objection process improves fishery certification assessments: A comment to Christian et al. (2013),2013,Nicolás L. Gutiérrez; David J. Agnew,10.1016/j.biocon.2013.06.002,https://doi.org/10.1016/j.biocon.2013.06.002,"[""10.1371/journal.pone.0043765""]",OpenAlex,https://openalex.org/W1969294035
W2332943788,Impacts of Climate Variability on Latin American Small-scale Fisheries,2013,Omar Defeo; Mauricio Castrejón; Leonardo E. Ortega; Angela M. Kuhn; Nicolás L. Gutiérrez; Juan Carlos Castilla,10.5751/es-05971-180430,https://doi.org/10.5751/es-05971-180430,"[""10.1371/journal.pone.0043765""]",OpenAlex,https://openalex.org/W2332943788
W4238597066,How precautionary is the policy governing the Ross Sea Antarctic toothfish (Dissostichus mawsoni) fishery?,2013,Peter A. Abrams,10.1017/s0954102013000801,https://doi.org/10.1017/s0954102013000801,"[""10.1371/journal.pone.0043765""]",OpenAlex,https://openalex.org/W4238597066
W1988133219,Global genetic population structure in the commercially exploited deep-sea teleost orange roughy (Hoplostethus atlanticus) based on microsatellite DNA analyses,2013,Andrea I. Varela; Peter A. Ritchie; Peter Smith,10.1016/j.fishres.2012.12.011,https://doi.org/10.1016/j.fishres.2012.12.011,"[""10.1111/j.1439-0485.2010.00372.x""]",OpenAlex,https://openalex.org/W1988133219
W1978709873,"Food and feeding relationships of three sympatric slickhead species (Pisces: Alepocephalidae) from northeastern Chatham Rise, New Zealand",2013,Matthew R. L. Jones; Barbara Bollard Breen,10.1016/j.dsr.2013.04.011,https://doi.org/10.1016/j.dsr.2013.04.011,"[""10.1111/j.1439-0485.2010.00372.x""]",OpenAlex,https://openalex.org/W1978709873
W2129525858,Environmental assessment of sardine (Sardina pilchardus) purse seine fishery in Portugal with LCA methodology including biological impact categories,2013,Cheila Almeida; Sofia Guedes Vaz; Henrique N. Cabral; Friederike Ziegler,10.1007/s11367-013-0646-5,https://doi.org/10.1007/s11367-013-0646-5,"[""10.1371/journal.pone.0043765""]",OpenAlex,https://openalex.org/W2129525858
W2040127676,Citation Patterns of a Controversial and High-Impact Paper: Worm et al. (2006) “Impacts of Biodiversity Loss on Ocean Ecosystem Services”,2013,Trevor A. Branch,10.1371/journal.pone.0056723,https://doi.org/10.1371/journal.pone.0056723,"[""10.1371/journal.pone.0043765""]",OpenAlex,https://openalex.org/W2040127676
W173743561,Celebrity chefs and the sustainable seafood movement: Smokescreen or a dish to savour?,2013,Polly Bowman; Bryce D. Stewart,,https://openalex.org/W173743561,"[""10.1371/journal.pone.0043765""]",OpenAlex,https://openalex.org/W173743561
W2124356141,"Biogeography and Historical Demography of the Juan Fernandez Rock Lobster, Jasus frontalis (Milne Edwards, 1837)",2013,Javier Porobic; Cristian B. Canales‐Aguirre; Billy Ernst; Ricardo Galleguillos; Cristián E. Hernández,10.1093/jhered/ess141,https://doi.org/10.1093/jhered/ess141,"[""10.1111/j.1439-0485.2010.00372.x""]",OpenAlex,https://openalex.org/W2124356141
W2051154068,Structure and robustness to species loss in Arctic and Antarctic ice-shelf meta-ecosystem webs,2012,W. Mather A. Carscallen; Tamara N. Romanuk,10.1016/j.ecolmodel.2012.03.027,https://doi.org/10.1016/j.ecolmodel.2012.03.027,"[""10.1016/j.ecolmodel.2008.06.011""]",OpenAlex,https://openalex.org/W2051154068
W1989558511,Science Priorities for Seamounts: Research Links to Conservation and Management,2012,Malcolm R. Clark; Thomas  Alfred Schlacher; Ashley Alun Rowden; Karen I. Stocks; Mireille Consalvey,10.1371/journal.pone.0029232,https://doi.org/10.1371/journal.pone.0029232,"[""10.1111/j.1439-0485.2010.00372.x""]",OpenAlex,https://openalex.org/W1989558511
W2075783215,Rebuttal to Froese and Proelss “Evaluation and legal assessment of certified seafood”,2012,David J. Agnew; Nicolás L. Gutiérrez; Amanda Stern-Pirlot; Anthony D. M. Smith; Christopher Zimmermann; Keith J. Sainsbury,10.1016/j.marpol.2012.07.002,https://doi.org/10.1016/j.marpol.2012.07.002,"[""10.1371/journal.pone.0043765""]",OpenAlex,https://openalex.org/W2075783215
W2612588756,Quantifying overfishing and ecosystem impacts related to seafood products,2012,Andreas Emanuelsson,,https://openalex.org/W2612588756,"[""10.1371/journal.pone.0043765""]",OpenAlex,https://openalex.org/W2612588756
W2139325545,Fitting Euphausia superba into Southern Ocean food-web models: a review of data sources and their limitations,2012,Angus Atkinson; Stephen Nicol; So Kawaguchi; Antarctic Climate; Ecosystems Crc,,https://openalex.org/W2139325545,"[""10.1016/j.ecolmodel.2008.06.011""]",OpenAlex,https://openalex.org/W2139325545
W2135713757,"Developing integrated models of Southern Ocean food webs: Including ecological complexity, accounting for uncertainty and the importance of scale",2012,Eugene J. Murphy; Rachel D. Cavanagh; Eileen E. Hofmann; Simeon L. Hill; Andrew John Constable; Daniel Pereira da Costa; Matthew H. Pinkerton; Nadine M. Johnston; Philip N. Trathan; John M. Klinck; Dieter A. Wolf-Gladrow; Kendra L. Daly; Olivier Maury; Scott C. Doney,10.1016/j.pocean.2012.03.006,https://doi.org/10.1016/j.pocean.2012.03.006,"[""10.1016/j.ecolmodel.2008.06.011""]",OpenAlex,https://openalex.org/W2135713757
W2164292120,Deep-Sea Fish Distribution Varies between Seamounts: Results from a Seamount Complex off New Zealand,2012,Dianne Margaret Tracey; Malcolm R. Clark; Owen F. Anderson; Susan W. Kim,10.1371/journal.pone.0036897,https://doi.org/10.1371/journal.pone.0036897,"[""10.1111/j.1439-0485.2010.00372.x""]",OpenAlex,https://openalex.org/W2164292120
W1968870668,"CenSeam, an International Program on Seamounts within the Census of Marine Life: Achievements and Lessons Learned",2012,Karen I. Stocks; Malcolm R. Clark; Ashley Alun Rowden; Mireille Consalvey; Thomas  Alfred Schlacher,10.1371/journal.pone.0032031,https://doi.org/10.1371/journal.pone.0032031,"[""10.1111/j.1439-0485.2010.00372.x""]",OpenAlex,https://openalex.org/W1968870668
W1991569047,Assessing the trophic position and ecological role of squids in marine ecosystems by means of food-web models,2012,Marta Coll; Joan Navarro; Robert Olson; Villy Christensen,10.1016/j.dsr2.2012.08.020,https://doi.org/10.1016/j.dsr2.2012.08.020,"[""10.1016/j.ecolmodel.2008.06.011""]",OpenAlex,https://openalex.org/W1991569047
W2279159913,"An overview of Southern Ocean zooplankton data: abundance, biomass, feeding and functional relationships",2012,Angus Atkinson; Peter Ward,,https://openalex.org/W2279159913,"[""10.1016/j.ecolmodel.2008.06.011""]",OpenAlex,https://openalex.org/W2279159913
W2554763796,UNIVERSIDADE FEDERAL DO RIO GRANDE PÓS-GRADUAÇÃO EM OCEANOGRAFIA BIOLÓGICA O FITOPLÂNCTON DA BAÍA DO ALMIRANTADO (ANTÁRTICA): VARIAÇÕES TEMPORAIS E ESPACIAIS ENTRE OS ANOS DE 2002 E 2008,2011,Priscila Kienteca Lange,,https://openalex.org/W2554763796,"[""10.1016/j.ecolmodel.2008.06.011""]",OpenAlex,https://openalex.org/W2554763796
W2087585960,The seasonal cycle of the Lazarev Sea macrozooplankton community and a potential shift to top-down trophic control in winter,2010,Brian P. V. Hunt; Evgeny A. Pakhomov; Volker Siegel; Volker H. Strass; Boris Cisewski; Ulrich V. Bathmann,10.1016/j.dsr2.2010.11.016,https://doi.org/10.1016/j.dsr2.2010.11.016,"[""10.1016/j.ecolmodel.2008.06.011""]",OpenAlex,https://openalex.org/W2087585960
W1839392324,Seamount science scales undersea mountains: new research and outlook,2010,Thomas  Alfred Schlacher; Ashley Alun Rowden; John F. Dower; Mireille Consalvey,10.1111/j.1439-0485.2010.00396.x,https://doi.org/10.1111/j.1439-0485.2010.00396.x,"[""10.1111/j.1439-0485.2010.00372.x""]",OpenAlex,https://openalex.org/W1839392324
W2099607176,"Paradigms in seamount ecology: fact, fiction and future",2010,Ashley Alun Rowden; John F. Dower; Thomas  Alfred Schlacher; Mireille Consalvey; Malcolm R. Clark,10.1111/j.1439-0485.2010.00400.x,https://doi.org/10.1111/j.1439-0485.2010.00400.x,"[""10.1111/j.1439-0485.2010.00372.x""]",OpenAlex,https://openalex.org/W2099607176
W1548542055,Are deep‐sea demersal fish assemblages globally homogenous? Insights from seamounts,2010,Malcolm R. Clark; Franziska Althaus; Alan Williams; Edwin J. Niklitschek; Gui Manuel Machado Menezes; Nils-Roar Hareide; Philip J. H. Sutton; Ciarán O’Donnell,10.1111/j.1439-0485.2010.00384.x,https://doi.org/10.1111/j.1439-0485.2010.00384.x,"[""10.1111/j.1439-0485.2010.00372.x""]",OpenAlex,https://openalex.org/W1548542055
W2183817140,"A BALANCED MODEL OF THE FOOD WEB OF THE ROSS SEA, ANTARCTICA",2010,Matthew H. Pinkerton; Janet M. Bradford‐Grieve; S. M. Hanchet,,https://openalex.org/W2183817140,"[""10.1016/j.ecolmodel.2008.06.011""]",OpenAlex,https://openalex.org/W2183817140
W2029822387,Euphausia mucronata: A keystone herbivore and prey of the Humboldt Current System,2009,Tarsicio Antezana,10.1016/j.dsr2.2009.10.014,https://doi.org/10.1016/j.dsr2.2009.10.014,"[""10.1016/j.ecolmodel.2008.06.011""]",OpenAlex,https://openalex.org/W2029822387
